SexAgeconst,HHoldOAClass2011_B03ID,HasBike_mean,tripsinweek_mean,sumunder1km_mean,sumunder2km_mean,sumunder3km_mean,sumunder4km_mean,sumunder5km_mean,sumunder6km_mean,sumunder7km_mean,sumunder8km_mean,sumunder9km_mean,sumunder10km_mean,sumunder11km_mean,sumunder12km_mean,sumunder13km_mean,sumunder14km_mean,sumunder15km_mean,sumunder16km_mean,sumunder17km_mean,sumunder18km_mean,sumunder19km_mean,sumunder20km_mean,sumunder21km_mean,sumunder22km_mean,sumunder23km_mean,sumunder24km_mean,sumunder25km_mean,sumunder26km_mean,sumunder27km_mean,sumunder28km_mean,sumunder29km_mean,sumunder30km_mean,sumunder31km_mean,sumunder32km_mean,sumunder33km_mean,sumunder34km_mean,sumunder35km_mean,sumweeklytripdist_mean
f1619,1,0.538461538,4.038461538,0.0010973936899862826,0.006035665294924554,0.01262002743484225,0.01700960219478738,0.03758573388203018,0.06392318244170096,0.06584362139917696,0.1141289437585734,0.13388203017832648,0.1832647462277092,0.27681755829903976,0.27681755829903976,0.38737997256515777,0.42962962962962964,0.42962962962962964,0.48669410150891634,0.4960219478737997,0.5404663923182441,0.5769547325102881,0.5769547325102881,0.6230452674897119,0.6471879286694101,0.6471879286694101,0.693278463648834,0.693278463648834,0.7146776406035665,0.722085048010974,0.722085048010974,0.7300411522633745,0.7382716049382716,0.7382716049382716,0.7733882030178326,0.7733882030178326,0.7733882030178326,0.7733882030178326,64.38461538
f1619,2,0.25,2.25,0.005928853754940711,0.005928853754940711,0.017786561264822136,0.017786561264822136,0.02766798418972332,0.039525691699604744,0.039525691699604744,0.039525691699604744,0.039525691699604744,0.07905138339920949,0.07905138339920949,0.07905138339920949,0.07905138339920949,0.18972332015810275,0.18972332015810275,0.18972332015810275,0.18972332015810275,0.22529644268774704,0.22529644268774704,0.22529644268774704,0.22529644268774704,0.22529644268774704,0.22529644268774704,0.22529644268774704,0.22529644268774704,0.22529644268774704,0.22529644268774704,0.22529644268774704,0.22529644268774704,0.22529644268774704,0.22529644268774704,0.22529644268774704,0.22529644268774704,0.22529644268774704,0.22529644268774704,16.5
f1619,3,0,1.142857143,0,0,0,0.010526315789473684,0.010526315789473684,0.010526315789473684,0.010526315789473684,0.010526315789473684,0.010526315789473684,0.010526315789473684,0.010526315789473684,0.010526315789473684,0.010526315789473684,0.010526315789473684,0.010526315789473684,0.010526315789473684,0.010526315789473684,0.010526315789473684,0.010526315789473684,0.010526315789473684,0.12105263157894737,0.12105263157894737,0.12105263157894737,0.18421052631578946,0.18421052631578946,0.18421052631578946,0.18421052631578946,0.18421052631578946,0.18421052631578946,0.18421052631578946,0.18421052631578946,0.26842105263157895,0.26842105263157895,0.26842105263157895,0.45263157894736844,84.28571429
f1619,4,0.321428571,3.285714286,0.0025575447570332483,0.034709535988308365,0.08403361344537816,0.09718670076726342,0.1793934965290464,0.23639020825721593,0.23639020825721593,0.28607964925100476,0.29923273657289,0.33576909024479357,0.37194008037997806,0.37194008037997806,0.39568871026671537,0.4008037997807819,0.4008037997807819,0.4358786993058093,0.4358786993058093,0.4687614176105225,0.47570332480818417,0.47570332480818417,0.49872122762148335,0.514797223237121,0.514797223237121,0.5761782974059189,0.5761782974059189,0.5951772013153087,0.5951772013153087,0.5951772013153087,0.5951772013153087,0.5951772013153087,0.5951772013153087,0.5951772013153087,0.6072341980270369,0.6320789185239313,0.6576543660942638,40.35714286
f1619,5,0.48,3.5,0.003676470588235294,0.04681372549019608,0.07990196078431372,0.10931372549019608,0.19264705882352942,0.23970588235294119,0.2517156862745098,0.29093137254901963,0.29093137254901963,0.33259803921568626,0.3568627450980392,0.3862745098039216,0.4245098039215686,0.43480392156862746,0.43480392156862746,0.48970588235294116,0.48970588235294116,0.5117647058823529,0.5257352941176471,0.5453431372549019,0.5813725490196079,0.586764705882353,0.5924019607843137,0.5924019607843137,0.5924019607843137,0.5924019607843137,0.5990196078431372,0.5990196078431372,0.6061274509803921,0.6134803921568628,0.621078431372549,0.6602941176470588,0.6602941176470588,0.6686274509803921,0.6686274509803921,47.72
f1619,6,0.627118644,3.86440678,0.0014364063724209976,0.021546095586314963,0.051710629407155914,0.05588926612692609,0.09506398537477148,0.14364063724209977,0.1555236354139462,0.19417602507182033,0.2012274745364325,0.2508487855837033,0.28101331940454427,0.2841472969443719,0.31979629145991123,0.3234525985897101,0.3234525985897101,0.36732828414729696,0.37398798641943065,0.4068947505876208,0.43914860276834683,0.44437189866805954,0.46630974144685294,0.4892922434055889,0.4892922434055889,0.5363019065030034,0.5363019065030034,0.5736484721859494,0.5806999216505615,0.5806999216505615,0.5844868111778532,0.5962392269522069,0.5962392269522069,0.6422042308696788,0.6422042308696788,0.6422042308696788,0.6604857665186733,55.72881356
f1619,7,0.111111111,2.888888889,0.020021074815595362,0.051633298208640675,0.10221285563751317,0.12750263435194942,0.14330874604847207,0.16859852476290832,0.16859852476290832,0.18545837723919917,0.19494204425711276,0.2792413066385669,0.3487881981032666,0.3487881981032666,0.4172813487881981,0.5205479452054794,0.5205479452054794,0.5879873551106428,0.5879873551106428,0.5879873551106428,0.6080084299262382,0.6080084299262382,0.6301369863013698,0.7460484720758693,0.7460484720758693,0.7713382507903056,0.7713382507903056,0.7713382507903056,0.7713382507903056,0.7713382507903056,0.7713382507903056,0.7713382507903056,0.7713382507903056,0.8724973656480506,0.9072708113804004,0.9072708113804004,0.9072708113804004,43.33333333
f1619,8,0.38,3.56,0.004109940919599281,0.033393269971744154,0.06267659902388903,0.0708964808630876,0.1274081685075777,0.1582327254045723,0.1726175186231698,0.2239917801181608,0.23092730541998457,0.30028255843822244,0.3285384022604675,0.3531980477780632,0.45337785769329564,0.47855124582584124,0.4824043154379656,0.5440534292319548,0.5440534292319548,0.5625481633701516,0.6015926021063447,0.6015926021063447,0.6069868995633187,0.6182892370922168,0.6182892370922168,0.6552787053686103,0.6617004880554842,0.6683791420498331,0.6822501926534806,0.6822501926534806,0.697148728487028,0.7048548677112767,0.7048548677112767,0.7295145132288723,0.7295145132288723,0.7295145132288723,0.7474955047521192,40.56
f2029,1,0.511627907,5.674418605,0.0017057084375710712,0.009210825562883784,0.02422105981350921,0.02740504889697521,0.04901068910620878,0.07425517398226063,0.08062315214919263,0.10518535365021606,0.10518535365021606,0.14384807823516033,0.18637707527859904,0.19456447577894018,0.22856493063452354,0.25244484876051854,0.25585626563566066,0.3049806686377075,0.31078007732544916,0.3476233795769843,0.382192403911758,0.3867409597452809,0.4058448942460769,0.4308619513304526,0.4308619513304526,0.4581532863315897,0.4581532863315897,0.5054582670002274,0.5300204685012508,0.5300204685012508,0.539913577439163,0.539913577439163,0.5469638389811234,0.5651580623152149,0.576415738003184,0.5802820104616784,0.5802820104616784,101.6976744
f2029,2,0.173913043,3.304347826,0.0023439789041898623,0.033987694110753,0.045414591268678584,0.05127453852915324,0.08350424846176384,0.1046000585994726,0.10870202168180486,0.1180779372985643,0.1233518898329915,0.14093173161441547,0.1731614415470261,0.1731614415470261,0.1922062701435687,0.21681804863756227,0.21681804863756227,0.23556987987108116,0.23556987987108116,0.23556987987108116,0.23556987987108116,0.23556987987108116,0.24787576911807793,0.30588924699677705,0.3126281863463229,0.3126281863463229,0.3126281863463229,0.327864049223557,0.327864049223557,0.327864049223557,0.3448578962789335,0.3448578962789335,0.3448578962789335,0.3636097275124524,0.3636097275124524,0.3636097275124524,0.3636097275124524,75.04347826
f2029,3,0.142857143,3.071428571,0.003006012024048096,0.03507014028056112,0.07114228456913828,0.09118236472945891,0.16633266533066132,0.1963927855711423,0.21042084168336672,0.250501002004008,0.250501002004008,0.280561122244489,0.29158316633266534,0.30360721442885774,0.3166332665330661,0.3587174348697395,0.38877755511022044,0.38877755511022044,0.38877755511022044,0.44288577154308617,0.48096192384769537,0.48096192384769537,0.48096192384769537,0.503006012024048,0.503006012024048,0.6232464929859719,0.6232464929859719,0.6232464929859719,0.6232464929859719,0.6232464929859719,0.6232464929859719,0.6232464929859719,0.6232464929859719,0.6232464929859719,0.6232464929859719,0.6232464929859719,0.6232464929859719,47
f2029,4,0.168674699,4.21686747,0.005201266395296246,0.023744911804613297,0.060719131614654004,0.0779059249208503,0.15479421076436,0.21110357304387156,0.21901854364540932,0.26424694708276797,0.2744233378561737,0.3049525101763908,0.3360470375395749,0.34554500226142015,0.36759384893713254,0.3786748077792854,0.39054726368159204,0.42130257801899595,0.4251469923111714,0.45160560832202623,0.47094075079149705,0.47094075079149705,0.47806422433288104,0.49796472184531887,0.49796472184531887,0.5223880597014925,0.5223880597014925,0.5312075983717774,0.5495251017639078,0.5495251017639078,0.5691994572591588,0.5759837177747625,0.5864993215739485,0.5937358661239258,0.5937358661239258,0.5975802804161013,0.6094527363184079,52.19277108
f2029,5,0.284552846,5.276422764,0.002846742579802128,0.020113869703192084,0.03859436251633377,0.047927944745193206,0.07872876610042935,0.10420944558521561,0.10780287474332649,0.13991039761060295,0.14285047601269368,0.17271793914504388,0.19325182004853464,0.20165204405450812,0.2234926264700392,0.23590629083442224,0.23940638417024454,0.27076722045921225,0.2747339929064775,0.2948945305208139,0.3117416464439052,0.3117416464439052,0.32056188165017735,0.3359622923277954,0.33703565428411425,0.3840769087175658,0.38524360649617323,0.39373716632443534,0.40633750233339555,0.4089509053574762,0.4265447078588762,0.4335448945305208,0.43499159977599405,0.4648590629083442,0.4648590629083442,0.47279260780287474,0.49075975359342916,96.95121951
f2029,6,0.308510638,5.64893617,0.002847988608045568,0.018689925240299037,0.03844784620861517,0.05411178355286579,0.09416162335350658,0.14328942684229262,0.15512637949448202,0.19927020291918832,0.20407618369526523,0.24590601637593448,0.2674439302242791,0.2749199003203987,0.3292986828052688,0.35297258810964754,0.35964756140975435,0.408063367746529,0.408063367746529,0.44971520113919544,0.48691705233179067,0.48691705233179067,0.5299038803844784,0.5357778568885725,0.5357778568885725,0.5678177287290851,0.5744927020291919,0.6254004983980064,0.6278034887860449,0.6302954788180847,0.6561053755784977,0.6587753648985404,0.6587753648985404,0.6844072623709505,0.6873442506229975,0.6933962264150944,0.69962620149519406,76.24468085
f2029,7,0.292682927,3.926829268,8.413967185527977e-4,0.007993268826251577,0.03197307530500631,0.0370214556163231,0.07488430795119899,0.09886411442995373,0.10180900294488851,0.12705090450147244,0.12705090450147244,0.1417753470761464,0.15797223390828777,0.16049642406394615,0.2206562894404712,0.25599495161968866,0.25599495161968866,0.2829196466133782,0.2864955826672276,0.3281447202355911,0.37210769877997474,0.37210769877997474,0.4118636937315944,0.43500210349179635,0.43500210349179635,0.48548590660496427,0.48548590660496427,0.5128312999579302,0.5128312999579302,0.5246108540176694,0.5246108540176694,0.5246108540176694,0.5311316785864535,0.5311316785864535,0.5311316785864535,0.5454354228018511,0.5601598653765251,66.24390244
f2029,8,0.336065574,5.918032787,0.004303355369839092,0.03024822252712985,0.06317824622676811,0.07664961955843831,0.12841461893476364,0.1572283896719471,0.16508669078208807,0.221466882873893,0.228763876761881,0.25682923786952727,0.2931894723712112,0.30815766496195585,0.32194087563926654,0.33765747785954847,0.3451415741549208,0.3970313084695023,0.40233254334539104,0.41355868778844956,0.43370338031682676,0.43869277784707494,0.4570288137707372,0.46251715105401026,0.4639516028439566,0.48341025321192466,0.48341025321192466,0.5044904577772235,0.529749282774105,0.529749282774105,0.5514531620306848,0.5589372583260571,0.5589372583260571,0.5908694025196457,0.5991019084445554,0.6012224023949108,0.6055881252338781,72.8442623
f3039,1,0.569230769,9.061538462,0.00631911532385466,0.02422327540810953,0.04028436018957346,0.05362471476215552,0.09706863261365631,0.1228716868527295,0.13208706336668422,0.165086887835703,0.16982622432859398,0.21370896963314026,0.26294540986484116,0.2692645251886958,0.3171844830612603,0.3515885553800246,0.3608039318939793,0.4085483587853256,0.4130243988063893,0.4493593119185536,0.4977180972441636,0.5012287168685273,0.510444093382482,0.5278216605230823,0.5318588730911006,0.5613480779357557,0.5657363524662102,0.5931191855362471,0.6097068632613656,0.6097068632613656,0.6377040547656662,0.640337019483939,0.640337019483939,0.6656134807793576,0.6685097419694576,0.677461822011585,0.7020361593821309,108.2307692
f3039,2,0.434782609,3.608695652,0.00533249686323714,0.021016311166875783,0.03513174404015056,0.03889585947302384,0.06242158092848181,0.10570890840652447,0.10570890840652447,0.1333124215809285,0.1333124215809285,0.1458594730238394,0.1527603513174404,0.1527603513174404,0.17314930991217065,0.17314930991217065,0.17314930991217065,0.18820577164366373,0.19353826850690087,0.19353826850690087,0.19949811794228356,0.19949811794228356,0.19949811794228356,0.21329987452948557,0.21329987452948557,0.21329987452948557,0.21329987452948557,0.22145545796737767,0.2722710163111669,0.2722710163111669,0.2995608531994981,0.2995608531994981,0.2995608531994981,0.339711417816813,0.339711417816813,0.3610414052697616,0.3610414052697616,88.56521739
f3039,3,0.357142857,4,0.003367003367003367,0.025405570860116314,0.06397306397306397,0.07376798285889195,0.11509029690847873,0.16467707376798285,0.1689623507805326,0.22528313437404346,0.22528313437404346,0.24364860728497093,0.27395163758800123,0.27395163758800123,0.30976430976430974,0.3311906948270585,0.3357820630547903,0.36516681971227427,0.39118457300275483,0.39118457300275483,0.4086317722681359,0.4086317722681359,0.43434343434343436,0.44107744107744107,0.44107744107744107,0.477808386899296,0.477808386899296,0.477808386899296,0.477808386899296,0.477808386899296,0.4955616773798592,0.4955616773798592,0.4955616773798592,0.5347413529231712,0.5347413529231712,0.5347413529231712,0.5454545454545454,66.53571429
f3039,4,0.227272727,6.174242424,0.01149818629799466,0.050373006638833755,0.09246458147970707,0.10697419752241462,0.15454109917185682,0.19560605023612346,0.20470878105536924,0.25617685305591675,0.26110464718362875,0.2980631031414688,0.32215454109917185,0.3328314283758812,0.3568544247484772,0.3779344329614674,0.37998768051468074,0.4139347067278078,0.4162617206214496,0.43720484566422557,0.4515091369516118,0.452877968653754,0.45862706180275137,0.46464992129217714,0.4662240777496407,0.49579084251591266,0.49579084251591266,0.5011292861542673,0.5085209773458353,0.5085209773458353,0.5105057833139416,0.5166655259735815,0.5166655259735815,0.5319964410375745,0.5319964410375745,0.536650468824858,0.5606050236123469,72.25
f3039,5,0.43315508,6.85026738,0.005365103159887964,0.03660893920864729,0.07672886504398596,0.08809025997080752,0.12556708351414256,0.16722553157915498,0.1733007219219693,0.20075742632845478,0.2096335161150341,0.2550001972464397,0.2779991321156653,0.28462661248964455,0.317448420056018,0.33622628111562586,0.3403684563493629,0.37950214998619275,0.3835259773561087,0.40056806974634107,0.4238037003432088,0.42459268610201584,0.4428182571304588,0.4610438281589017,0.46739516351729854,0.509053611582311,0.5120123081778374,0.5243204860152274,0.5434928399542388,0.5434928399542388,0.5698055150104541,0.5828237800307704,0.5864925638092232,0.6193143713755966,0.6193143713755966,0.6367509566452325,0.6408931318789696,92.57219251
f3039,6,0.481481481,7.413580247,0.0049228015215931975,0.03302752293577982,0.06551801297829492,0.08055493398970687,0.12038487357350637,0.16388453792794808,0.17077646005817856,0.2140971134481987,0.2245692548668606,0.2684269411501454,0.3048556724099351,0.3145222644886999,0.3552472588946073,0.3734168717833967,0.3774446184828821,0.402506153501902,0.4078317296934437,0.4239427164913851,0.45370328932647125,0.4617587827254419,0.47209666592078764,0.4937569926157977,0.4947863056612217,0.5184157529648691,0.5184157529648691,0.5323786081897516,0.5480868203177445,0.5480868203177445,0.5714477511747594,0.586216155739539,0.586216155739539,0.6148579100469904,0.6148579100469904,0.6285522488252405,0.6332512866413068,95.94444444
f3039,7,0.348837209,6.302325581,0.003858166452324086,0.04868638618408966,0.07679588462245085,0.1017821054565497,0.13025904831894175,0.16553371302590483,0.17453610141466103,0.20834098842550064,0.20999448833363954,0.25408781921734336,0.28036009553555025,0.28697409516810585,0.32041153775491454,0.340988425500643,0.340988425500643,0.37038397942311224,0.37038397942311224,0.37369097923939004,0.40161675546573583,0.40161675546573583,0.41704942127503214,0.4453426419254088,0.4495682528017637,0.4936615836854676,0.4936615836854676,0.49843836119786883,0.5133198603711189,0.5133198603711189,0.5186478045195664,0.5186478045195664,0.5186478045195664,0.5480433584420357,0.5601690244350542,0.5664155796435789,0.5728458570641191,66.76744186
f3039,8,0.359756098,7.091463415,0.007258229400940503,0.03976691883050501,0.07764260887344102,0.0931813535064404,0.13177264363115926,0.16520139030873032,0.17843999182171336,0.21360662441218564,0.22188713964424453,0.25511142915559193,0.2910958904109589,0.2978429768963402,0.3450214680024535,0.36935187078307097,0.3731854426497649,0.41653036188918424,0.41739930484563487,0.43028010631772645,0.4594152525046003,0.4624821099979554,0.4893171130648129,0.5163054590063382,0.5198323451236966,0.5431404620731957,0.5444183193620936,0.5603659783275404,0.5645062359435699,0.5702310365978328,0.5895011245144143,0.5987016969944796,0.5987016969944796,0.6101512983030055,0.6101512983030055,0.6101512983030055,0.6137292987119198,76.8902439
f4049,1,0.617391304,7.826086957,0.0020077633516262885,0.015571320215946103,0.02989336545754696,0.03988756525230893,0.06331147102128229,0.09650649176817026,0.1027528666398965,0.1559362869763084,0.16195957703118727,0.20657654040066034,0.25320126712175967,0.26337393476999954,0.30281533038861375,0.3365457546959354,0.3398920269486459,0.3920046401641904,0.3950385936733146,0.4127069111676259,0.45424530406460534,0.4631686967385,0.4828447775844376,0.5054209610493909,0.5115781019943783,0.5511979654664704,0.5567750858876545,0.5718556195065364,0.5754695935394637,0.5767188685138089,0.5922455717663856,0.5989381162718065,0.6030874938651676,0.6259313791103378,0.6303484584839156,0.6440012492749744,0.6533708115825637,141.1652174
f4049,2,0.428571429,4.142857143,0.01410105757931845,0.0564042303172738,0.13748531139835488,0.14688601645123384,0.18213866039952997,0.19623971797884843,0.2044653349001175,0.22326674500587543,0.22326674500587543,0.22326674500587543,0.22326674500587543,0.22326674500587543,0.28437132784958874,0.3172737955346651,0.3172737955346651,0.33607520564042304,0.33607520564042304,0.3783783783783784,0.3783783783783784,0.3783783783783784,0.5017626321974148,0.5017626321974148,0.5017626321974148,0.5017626321974148,0.5017626321974148,0.5017626321974148,0.5017626321974148,0.5017626321974148,0.5017626321974148,0.5017626321974148,0.5017626321974148,0.5393654524089306,0.5393654524089306,0.5393654524089306,0.5393654524089306,51.28571429
f4049,3,0.307692308,4.307692308,0.010156971375807941,0.04801477377654663,0.07571560480147738,0.10156971375807941,0.12927054478301014,0.17082179132040629,0.18051708217913204,0.20637119113573407,0.23130193905817176,0.3051708217913204,0.37119113573407203,0.37119113573407203,0.4372114496768236,0.4372114496768236,0.4372114496768236,0.4667590027700831,0.4667590027700831,0.47506925207756234,0.5013850415512465,0.5013850415512465,0.5013850415512465,0.5216989843028624,0.5216989843028624,0.5327793167128347,0.5327793167128347,0.5327793167128347,0.5327793167128347,0.5327793167128347,0.5327793167128347,0.5327793167128347,0.5327793167128347,0.5327793167128347,0.5327793167128347,0.5327793167128347,0.5327793167128347,55.5
f4049,4,0.24,5.91,0.009793988517392773,0.06180344478216818,0.11144883485309018,0.1294607677586401,0.21501744906000225,0.2812113024878982,0.2961837217156366,0.35292131036811886,0.3640661938534279,0.41697624676348083,0.44174265450861194,0.4525498142519419,0.4891365529663402,0.5301137003264663,0.5318023190363615,0.5678261848474614,0.5678261848474614,0.5880896093662051,0.6201733648542159,0.6224248564674096,0.6318811212428234,0.6442643251153889,0.6468535404705618,0.6846785995722166,0.6846785995722166,0.6993132950579759,0.7023528087357874,0.7023528087357874,0.7088821344140493,0.7088821344140493,0.7158617584149499,0.7410784644827199,0.7410784644827199,0.7410784644827199,0.7489586851288978,49.21
f4049,5,0.571428571,7.504761905,0.005906717089861336,0.03608860075634792,0.06709886547811994,0.08496308301818836,0.13304520079236448,0.1786421754006843,0.19099585809472358,0.2353682694039258,0.24152710246713488,0.29951377633711507,0.3494327390599676,0.3559157212317666,0.3840086439762291,0.40417792184404827,0.40849990995858093,0.45690617684134704,0.4593553034395822,0.4710246713488205,0.5066090401584729,0.5094903655681614,0.535962542769674,0.5502251035476319,0.5535386277687736,0.5768773635872502,0.5786781919683054,0.5992796686475779,0.6070592472537367,0.6090761750405186,0.6341437061048082,0.6438681793625067,0.6438681793625067,0.6646137223122637,0.6658022690437602,0.6707005222402305,0.6744822618404466,88.45238095
f4049,6,0.612068966,7.702586207,0.0061279318984514145,0.036133667401213515,0.07027500226401424,0.0876626316901621,0.12735834817520453,0.17010293718115133,0.17855525704108433,0.22057536148760828,0.22954085791046577,0.26697256014731185,0.2908805506082652,0.30029884988076194,0.3375796178343949,0.3599782654632173,0.3640534911099707,0.4002777190811121,0.4043831315845081,0.4195973073323875,0.44598062003803546,0.44960304283514957,0.46481721858302893,0.48673287650556946,0.49367585353337157,0.5183083285537476,0.5190629999698131,0.5386844567875148,0.5435747275636188,0.5444199595496121,0.5575512421891509,0.5638904820841005,0.5648262746400218,0.5754520481782232,0.577444380716636,0.590786971352673,0.6108612310200139,101.0948276
f4049,7,0.365853659,6.292682927,0.004803710452211363,0.03892661918171277,0.07172436640715588,0.08961404671194302,0.12605598807354645,0.17773728673182043,0.19049196620838166,0.22097068080172272,0.23736955441444427,0.2738114957760477,0.29021036938876926,0.31008779194964387,0.3294682789464966,0.33874440947490475,0.33874440947490475,0.3678979625641875,0.3678979625641875,0.3768428027165811,0.4020208712936889,0.4020208712936889,0.405499420241842,0.45287394401192643,0.4604936226602617,0.4922974987576611,0.4964386284578433,0.5179725028987908,0.5313897631273812,0.5313897631273812,0.5602120258406493,0.5701507371210867,0.5701507371210867,0.5966539672022527,0.5966539672022527,0.5966539672022527,0.608249130362763,67.82926829
f4049,8,0.46961326,6.773480663,0.0054430863254392664,0.03418640183346066,0.07902024446142093,0.0954449961802903,0.14462375859434684,0.20020053475935828,0.2068850267379679,0.2508116883116883,0.2615546218487395,0.30643621084797557,0.3269194041252865,0.3337948815889992,0.3834511077158136,0.4135313216195569,0.4142475171886937,0.44862490450725745,0.4534950343773873,0.46380825057295644,0.49283804430863254,0.4966577540106952,0.5147058823529411,0.5346638655462185,0.5357620320855615,0.5689935064935064,0.5689935064935064,0.5814075630252101,0.6149255156608098,0.6162624140565317,0.6342627960275019,0.6399923605805958,0.6414724980901452,0.664390756302521,0.6675420168067226,0.6772822765469825,0.6873090145148969,87.82872928
f5059,1,0.503267974,6.307189542,0.0016205067766647025,0.012595757218621096,0.02408662345315262,0.03145256334708309,0.05207719505008839,0.07218621096051857,0.08095167943429582,0.12367413081909251,0.1339496169711255,0.17409398939304654,0.2198733058338244,0.22827047731290512,0.26561579257513257,0.2960371243370654,0.29879935179728934,0.33120948733058336,0.3368444313494402,0.35938420742486743,0.39017383618149676,0.39680318208603416,0.41613877430760166,0.4485489098408957,0.45617265763111375,0.4782704773129051,0.48103270477312904,0.4944387153800825,0.5053771361225693,0.50847083087802,0.5319681791396582,0.545226870948733,0.545226870948733,0.5723335297583971,0.5759796700058928,0.5797362993517973,0.5874705362404242,117.8300654
f5059,2,0.352941176,5.176470588,6.736274840013472e-4,0.012798922196025598,0.030986864264061973,0.030986864264061973,0.05456382620410913,0.08285618053216572,0.08285618053216572,0.14482990906028967,0.14482990906028967,0.15493432132030988,0.17716402829235434,0.17716402829235434,0.18592118558437185,0.18592118558437185,0.18592118558437185,0.1913102054563826,0.1913102054563826,0.19737285281239475,0.21017177500842035,0.21690804984843381,0.22398113843044795,0.22398113843044795,0.22398113843044795,0.22398113843044795,0.22398113843044795,0.22398113843044795,0.22398113843044795,0.22398113843044795,0.23374873694846748,0.23374873694846748,0.23374873694846748,0.24452677669248907,0.24452677669248907,0.24452677669248907,0.24452677669248907,95
f5059,3,0.217391304,4.565217391,0.006039076376554174,0.02522202486678508,0.04547069271758437,0.05399644760213144,0.09840142095914742,0.11119005328596802,0.11616341030195382,0.14742451154529307,0.1570159857904085,0.18188277087033747,0.2014209591474245,0.20568383658969805,0.22877442273534637,0.22877442273534637,0.22877442273534637,0.2515097690941385,0.2515097690941385,0.2642984014209592,0.277797513321492,0.277797513321492,0.277797513321492,0.277797513321492,0.277797513321492,0.2863232682060391,0.2863232682060391,0.32326820603907636,0.32326820603907636,0.32326820603907636,0.32326820603907636,0.32326820603907636,0.32326820603907636,0.35737122557726464,0.35737122557726464,0.369449378330373,0.369449378330373,77.39130435
f5059,4,0.202702703,4.959459459,0.0035738217556399374,0.028143846325664506,0.06499888318070136,0.07393343756980121,0.11469734197006924,0.1636140272503909,0.17768595041322313,0.22325217779763235,0.2312932767478222,0.26368103640830914,0.2919365646638374,0.29327674782220237,0.3019879383515747,0.3191869555505919,0.32086218449854814,0.37089568907750725,0.3746928746928747,0.384744248380612,0.4250614250614251,0.4250614250614251,0.441478668751396,0.4562206834934108,0.4562206834934108,0.4776636140272504,0.4776636140272504,0.4950859950859951,0.5011168192986375,0.5011168192986375,0.5237882510609784,0.5304891668528032,0.5304891668528032,0.541210632119723,0.541210632119723,0.5450078177350904,0.57627875809694,47.45945946
f5059,5,0.413043478,5.929347826,0.005164593344411012,0.03255939282346073,0.06664570889657341,0.0797592850406431,0.1273633628239098,0.17074594691696232,0.1836349755243185,0.2220775138096735,0.23299052409395068,0.2716127004086765,0.29730093860870344,0.30807922037095253,0.34369245969371714,0.37261418242241884,0.3732878250325594,0.40921543090672297,0.4115058157812009,0.42201464049939375,0.45529258544033774,0.4624781066151704,0.48416939866169667,0.49701351776171016,0.501145192437239,0.5334800377239862,0.5346027754075537,0.5381057169802848,0.5478061705663089,0.5478061705663089,0.5660394305474469,0.5768177123096959,0.5782099070373198,0.5925809493869852,0.5925809493869852,0.5956347958862891,0.6050657924282571,81.84782609
f5059,6,0.454935622,6.56223176,0.0035633198789101917,0.02570005045408678,0.058432139253279516,0.07457744702320888,0.13307265388496467,0.18491422805247226,0.20610494450050454,0.24596367305751765,0.25391019172552975,0.29112008072653883,0.3289291120080727,0.3372540363269425,0.38070761856710394,0.4005739152371342,0.4053039858728557,0.43759460141271445,0.4429553481331988,0.4622540363269425,0.48022830474268413,0.4884270938446014,0.5003468718466195,0.5149154894046418,0.5207177093844602,0.5562878405650857,0.5594412209889001,0.5766586781029264,0.5860242179616549,0.595736629667003,0.6094538345105953,0.6179679616548941,0.6179679616548941,0.6391586781029264,0.640199293642785,0.64877648839556,0.6642280524722503,87.42918455
f5059,7,0.208333333,4.645833333,0.00464740351586179,0.03576480096989291,0.061224489795918366,0.07173166296221459,0.13234996969084664,0.16265912305516267,0.1669024045261669,0.20084865629420084,0.20994140230349564,0.26651848858355226,0.30652657102444936,0.32592442917761166,0.37057991513437055,0.4045261669024045,0.4105879975752677,0.4267528793695696,0.4267528793695696,0.455849666599313,0.49040210143463325,0.49040210143463325,0.520105071731663,0.5601131541725601,0.5601131541725601,0.5892099414023035,0.5993129925237421,0.6150737522731865,0.6150737522731865,0.6150737522731865,0.6267932915740554,0.6267932915740554,0.6267932915740554,0.6397251970094968,0.6397251970094968,0.6603354212972318,0.6674075570822389,55.27083333
f5059,8,0.305732484,5.038216561,0.0030888538380651944,0.041206624605678234,0.07748422712933754,0.08721083070452156,0.13354363827549948,0.1930862250262881,0.1995268138801262,0.23633017875920084,0.24401945320715038,0.29791009463722395,0.3333333333333333,0.33569926393270244,0.3664563617245005,0.4004994742376446,0.40345688748685593,0.42974500525762355,0.4364484752891693,0.4589248159831756,0.49763406940063093,0.5055205047318612,0.5207018927444795,0.543835436382755,0.5453470031545742,0.5595425867507886,0.5644716088328076,0.5730152471083071,0.5747896950578338,0.5747896950578338,0.5938485804416404,0.6175078864353313,0.6175078864353313,0.6469505783385909,0.6556256572029443,0.6600946372239748,0.6830967402733964,57.68789809
f6069,1,0.333333333,5.42962963,0.0013599748927712104,0.01987655612511769,0.03839313735746417,0.042996129302228264,0.06993409352442724,0.09974892771210378,0.10414269275028769,0.15059106601108901,0.15294486871011612,0.19008264462809918,0.22057746626216132,0.22559891202008578,0.27251804582069256,0.30327440108797993,0.305628203787007,0.3441259545977613,0.3467935976566586,0.3712731457265404,0.4070509467517523,0.4143738884820588,0.4451302437493462,0.4808034313212679,0.48681870488544826,0.5106705722355895,0.5132859085678418,0.5377654566377236,0.5476514279736374,0.5491160163196988,0.5658018621194686,0.5720786693168741,0.5720786693168741,0.595512082853855,0.5972382048331415,0.6132440631865258,0.6187362694842556,98.24444444
f6069,2,0.125,4.875,0.017857142857142856,0.0673076923076923,0.08379120879120878,0.08928571428571429,0.10989010989010989,0.1510989010989011,0.1510989010989011,0.18406593406593408,0.18406593406593408,0.18406593406593408,0.21428571428571427,0.21428571428571427,0.21428571428571427,0.23351648351648352,0.2541208791208791,0.2541208791208791,0.2541208791208791,0.27884615384615385,0.35714285714285715,0.35714285714285715,0.44368131868131866,0.44368131868131866,0.44368131868131866,0.5425824175824175,0.5425824175824175,0.5425824175824175,0.5425824175824175,0.5425824175824175,0.5425824175824175,0.5425824175824175,0.5851648351648352,0.6291208791208791,0.6291208791208791,0.6291208791208791,0.6291208791208791,67
f6069,3,0.230769231,3.384615385,0.003778337531486146,0.06675062972292191,0.15365239294710328,0.17884130982367757,0.3047858942065491,0.36523929471032746,0.37405541561712846,0.4748110831234257,0.4748110831234257,0.5125944584382871,0.5403022670025189,0.5403022670025189,0.5894206549118388,0.6952141057934509,0.6952141057934509,0.6952141057934509,0.6952141057934509,0.6952141057934509,0.6952141057934509,0.6952141057934509,0.6952141057934509,0.7229219143576826,0.7229219143576826,0.7229219143576826,0.7229219143576826,0.7229219143576826,0.7229219143576826,0.7581863979848866,0.7581863979848866,0.7581863979848866,0.7581863979848866,0.7581863979848866,0.7581863979848866,0.7581863979848866,0.8022670025188917,110.6153846
f6069,4,0.109375,4.34375,0.0037434064999149227,0.036072826271907436,0.061085587884975326,0.07401735579377233,0.12080993704270887,0.1892121830866088,0.19754977029096477,0.23838693210821849,0.24604389994895354,0.2953888038114684,0.3215926493108729,0.3236345074017356,0.37451080483239746,0.3911859792411094,0.3988429470818445,0.42879019908116384,0.43457546367194144,0.4376382508082355,0.48613238046622426,0.4895354772843287,0.5002552322613578,0.5002552322613578,0.5002552322613578,0.5084226646248086,0.5126765356474392,0.5259486132380466,0.5351369746469287,0.5351369746469287,0.5351369746469287,0.5402416198740854,0.5402416198740854,0.5456865747830526,0.5456865747830526,0.5456865747830526,0.5635528330781011,55.25
f6069,5,0.267045455,5.767045455,0.004029842618308555,0.03256548494254751,0.0765125524151827,0.08675053095899363,0.14093557697543974,0.1752436965637423,0.18286772313892066,0.2290475412514295,0.24228067309263193,0.29455971246528345,0.33828895060719927,0.34939824647388773,0.38621140336546317,0.40755867777596255,0.41082611773675326,0.44480749332897673,0.44758481729564886,0.46718945706039317,0.4961607580460709,0.5005173446604585,0.5176714044546098,0.532048140282089,0.5370582148886347,0.5684256385122257,0.5752328050972063,0.5936393835429941,0.6068725153841965,0.6083973206992321,0.6210314218809563,0.6275663018025377,0.6275663018025377,0.6380221096770681,0.6380221096770681,0.6472798562326417,0.6587158960954093,77.38068182
f6069,6,0.254032258,5.818548387,0.003353946127240331,0.030185515145162982,0.06152394927156483,0.07298326520630262,0.1229430877266534,0.169479090242113,0.18170701883101004,0.23928309401530237,0.24682947280159312,0.2915487544981309,0.33228522516857073,0.33983160395486145,0.38752052545155996,0.4212696083569158,0.42493798693358487,0.462949376375642,0.4677008000558991,0.4815358278307655,0.5107431086888167,0.5149355413478671,0.5296090556545435,0.556510498550117,0.5605282465150404,0.5898752751283932,0.5924955455402997,0.6052125912727527,0.6155888621039024,0.617545330678126,0.6337560702931209,0.6379485029521713,0.6379485029521713,0.6558362156307864,0.6558362156307864,0.6617754952311079,0.6715578381022255,69.72983871
f6069,7,0.073170732,3.609756098,0.011355034065102196,0.05299015897047691,0.11998485995457986,0.14723694171082513,0.1926570779712339,0.26078728236184706,0.2978803936411809,0.3493565480696442,0.3561695685087055,0.40915972747918244,0.4174867524602574,0.46744890234670705,0.49697199091597277,0.5234670704012112,0.5234670704012112,0.5537471612414837,0.5537471612414837,0.5537471612414837,0.6040878122634368,0.6040878122634368,0.6120363361090083,0.661998485995458,0.6707040121120363,0.6979560938682816,0.6979560938682816,0.7077971233913701,0.7077971233913701,0.7077971233913701,0.8065859197577593,0.8292959878879637,0.8292959878879637,0.8414080242240727,0.8414080242240727,0.8414080242240727,0.8679031037093111,46.24390244
f6069,8,0.181818182,5.566433566,0.004979185372622643,0.033221777814056,0.06946371724757162,0.08709493102603869,0.1303567055750551,0.168067912823443,0.1777814055995429,0.22153293608685004,0.22887927516121134,0.2990776263162191,0.32960574646967594,0.3384213533589095,0.38192800587707126,0.4002122275732593,0.4002122275732593,0.4498408293200555,0.4498408293200555,0.47775691780262836,0.4932658558485022,0.49653089543710716,0.5033874785731777,0.515957880989307,0.5178352787527549,0.551138682556526,0.5531793322994041,0.5744020896253367,0.5810137947922619,0.5810137947922619,0.611786792914864,0.6191331319892254,0.6216635376703943,0.6503958860501183,0.6503958860501183,0.6559464533507469,0.6730879111909231,59.82517483
f70,1,0.166666667,5.106666667,0.002379785819276265,0.020718135367816897,0.04024637782599566,0.049485546300832926,0.0718835304822566,0.10506054455099041,0.10996010359067684,0.1396374326310632,0.14467697907188354,0.19297263246307833,0.2322390984811367,0.24147826695597396,0.2969832715055645,0.3312801847833695,0.33862952334289914,0.4013438790508854,0.4037236648701617,0.4289213970742633,0.4688178063974242,0.47161755442010217,0.4863162315391615,0.5140337369636733,0.5156435920767131,0.5643592076713095,0.5643592076713095,0.5861972422481977,0.599426051655351,0.6013858752712256,0.6237138657520823,0.6279134877860992,0.6322530972212501,0.6703296703296703,0.6703296703296703,0.6822285994260516,0.7042766151046406,63.92
f70,2,0.125,3,0.0028735632183908046,0.03735632183908046,0.08045977011494253,0.08812260536398467,0.1024904214559387,0.13122605363984674,0.13122605363984674,0.16187739463601533,0.16187739463601533,0.23850574712643677,0.24904214559386972,0.26053639846743293,0.26053639846743293,0.26053639846743293,0.26053639846743293,0.26053639846743293,0.26053639846743293,0.26053639846743293,0.26053639846743293,0.26053639846743293,0.26053639846743293,0.26053639846743293,0.26053639846743293,0.3065134099616858,0.3783524904214559,0.3783524904214559,0.3783524904214559,0.3783524904214559,0.4339080459770115,0.4339080459770115,0.4339080459770115,0.4952107279693487,0.4952107279693487,0.4952107279693487,0.4952107279693487,63
f70,3,0,2.692307692,0.01256281407035176,0.07788944723618091,0.16080402010050251,0.16080402010050251,0.24874371859296482,0.3693467336683417,0.3869346733668342,0.507537688442211,0.5527638190954773,0.5527638190954773,0.5804020100502513,0.5804020100502513,0.5804020100502513,0.6155778894472361,0.6532663316582915,0.7336683417085427,0.7336683417085427,0.7788944723618091,0.7788944723618091,0.7788944723618091,0.7788944723618091,0.7788944723618091,0.7788944723618091,0.8391959798994975,0.8391959798994975,0.8391959798994975,0.8391959798994975,0.8391959798994975,0.8391959798994975,0.8391959798994975,0.8391959798994975,1,1,1,1,41.84615385
f70,4,0.04,3.16,0.0016886187098953055,0.032083755488010804,0.06349206349206349,0.08240459304289091,0.14319486659912192,0.18372171563660925,0.19317798041202297,0.21479229989868287,0.22391084093211752,0.2847011144883485,0.29584599797365757,0.303951367781155,0.3566362715298885,0.3708206686930091,0.3708206686930091,0.41404930766632897,0.41404930766632897,0.4262073623775751,0.47112462006079026,0.47112462006079026,0.47821681864235055,0.47821681864235055,0.47821681864235055,0.5187436676798379,0.5187436676798379,0.5363053022627491,0.5545423843296183,0.5545423843296183,0.5643363728470111,0.574468085106383,0.574468085106383,0.5960824045930428,0.5960824045930428,0.5960824045930428,0.60790273556231,31.74
f70,5,0.084415584,4.818181818,0.009385894341646554,0.042638777152051485,0.09519978546527219,0.10699919549477072,0.16331456154465004,0.21480289621882542,0.22731742200768748,0.28595691427549835,0.2899794404219183,0.3373558594797533,0.3835702154286225,0.3867882363457585,0.4309466344864575,0.47349602216858855,0.4828819165102351,0.5472423348529544,0.5487619558416018,0.5632430499687137,0.5785286493251095,0.5821042281219272,0.6027531956735497,0.616519174041298,0.616519174041298,0.640117994100295,0.642352730848306,0.6609457405917583,0.6657727719674622,0.6682756771252346,0.6838294448913917,0.6999195494770716,0.6999195494770716,0.70564047555198,0.70564047555198,0.708679717529275,0.7118083489764906,51.00649351
f70,6,0.133064516,4.939516129,0.005558987029030266,0.03359148572243075,0.06651779350976386,0.0796313013731173,0.11977954102722478,0.16596189480686083,0.1759395638333254,0.22573288354634866,0.23086425618853043,0.28550387228583646,0.3241792179407992,0.3372927258041526,0.371264313203782,0.3998669644129805,0.4020050363472229,0.4362141872951014,0.4426759158074785,0.47004323656578134,0.4989309640328788,0.5027319808048653,0.5186962512472086,0.5396018434931344,0.5439730127809189,0.565638808381242,0.5692022616049793,0.5877322183684136,0.5941464341711408,0.5994678576519219,0.6091129377108376,0.6276428944742719,0.6276428944742719,0.6489285883973963,0.6489285883973963,0.6505440205254905,0.6621846343896992,53.99193548
f70,7,0.019607843,2.980392157,0.0059594755661501785,0.04092173222089789,0.08978943186332936,0.11362733412793008,0.18116805721096543,0.23361144219308702,0.26976559396106475,0.3269765593961065,0.344854986094557,0.40047675804529204,0.4354390147000397,0.44020659515295985,0.4918553833929281,0.5085419149781486,0.520460866110449,0.5967421533571713,0.5967421533571713,0.6110448947159317,0.6110448947159317,0.6110448947159317,0.619388160508542,0.6543504171632897,0.6543504171632897,0.6924910607866508,0.7123559793404847,0.7433452522844657,0.7433452522844657,0.7433452522844657,0.7548669050456893,0.7548669050456893,0.7671831545490664,0.7671831545490664,0.7671831545490664,0.7671831545490664,0.7671831545490664,25.09803922
f70,8,0.05511811,4.228346457,0.006353047950385721,0.04628649220995311,0.09302677355921948,0.11480865224625623,0.17455755558916958,0.2417183482075329,0.2491302374829829,0.3035849342005748,0.3049463016185146,0.344274693692331,0.3925276055059749,0.4052337014067463,0.43866283466949024,0.47889880502193316,0.4834366964150658,0.519739827560127,0.5223112993495689,0.5495386477083648,0.6127666011193466,0.6188171229768568,0.6378762668280139,0.654515201936167,0.654515201936167,0.6908183330812283,0.6908183330812283,0.7065496899107548,0.7106337921645742,0.7106337921645742,0.7237936772046589,0.7237936772046589,0.7237936772046589,0.7576765996067161,0.7576765996067161,0.7576765996067161,0.7629708062320375,40.99212598
funder16,1,0.604651163,4.937984496,0.004360911491923101,0.02045328911000553,0.0388796756955961,0.04772434125667956,0.08119894355383576,0.1114182175542043,0.11872735089982188,0.1693384927215773,0.16989128431914502,0.20674405749032615,0.2472821079786254,0.2568638290031325,0.30317548062158345,0.3324120140040538,0.33517597199189236,0.39217492782998586,0.39530741354953625,0.42736932620846385,0.46237946072108593,0.46483631226583133,0.4764449358147534,0.5061728395061729,0.5104109084208587,0.5413672378846508,0.5459738345310484,0.5555555555555556,0.5704809286898839,0.5739205208525275,0.5828266077022296,0.5957250783121429,0.5976291382593207,0.6310423192678583,0.6350961243166882,0.6434494195688225,0.6477489097721271,69.58139535
funder16,2,0.416666667,3.041666667,0.010551558752997603,0.044124700239808155,0.07434052757793765,0.08393285371702638,0.12949640287769784,0.1553956834532374,0.1553956834532374,0.1592326139088729,0.1592326139088729,0.16402877697841728,0.20095923261390888,0.20095923261390888,0.20719424460431654,0.26091127098321343,0.26091127098321343,0.26091127098321343,0.26091127098321343,0.26091127098321343,0.26091127098321343,0.26091127098321343,0.26091127098321343,0.27146282973621105,0.27146282973621105,0.27146282973621105,0.27146282973621105,0.27146282973621105,0.2844124700239808,0.2844124700239808,0.2844124700239808,0.2844124700239808,0.2844124700239808,0.4071942446043165,0.4071942446043165,0.4071942446043165,0.4071942446043165,52.625
funder16,3,0.368421053,2.763157895,0.007368421052631579,0.08421052631578947,0.1394736842105263,0.16263157894736843,0.2336842105263158,0.29368421052631577,0.30105263157894735,0.3094736842105263,0.3094736842105263,0.32,0.3605263157894737,0.37315789473684213,0.38,0.4094736842105263,0.44894736842105265,0.44894736842105265,0.45789473684210524,0.45789473684210524,0.46789473684210525,0.46789473684210525,0.46789473684210525,0.49105263157894735,0.49105263157894735,0.5289473684210526,0.5289473684210526,0.5289473684210526,0.5289473684210526,0.5289473684210526,0.59,0.59,0.59,0.59,0.59,0.59,0.608421052631579,23.97368421
funder16,4,0.413793103,3.810344828,0.01425438596491228,0.059429824561403506,0.10482456140350878,0.12119883040935672,0.18333333333333332,0.218859649122807,0.22346491228070176,0.28662280701754383,0.28662280701754383,0.32171052631578945,0.3377923976608187,0.34130116959064327,0.3698099415204678,0.37799707602339183,0.37799707602339183,0.41191520467836257,0.41191520467836257,0.41849415204678364,0.42821637426900583,0.42821637426900583,0.43435672514619883,0.4407894736842105,0.4407894736842105,0.4618421052631579,0.4618421052631579,0.4637426900584795,0.46571637426900586,0.46571637426900586,0.4869152046783626,0.4869152046783626,0.4869152046783626,0.4939327485380117,0.4939327485380117,0.49890350877192985,0.5142543859649122,30.87356322
funder16,5,0.529680365,4.780821918,0.0081236653978275,0.04609599851452976,0.07910129050227463,0.09915513879862595,0.14139819886732893,0.17955621576455297,0.19060440070559836,0.22477021632160432,0.22936588988951814,0.2771794633738743,0.30066846160987837,0.30623897502553155,0.32977439420666604,0.34472193853866867,0.3475071952464952,0.3846439513508495,0.385433107418067,0.39713118559093863,0.41741713861294216,0.41741713861294216,0.43398941602451024,0.45032958871042617,0.45993872435242783,0.4900194967969548,0.4900194967969548,0.5008819979574785,0.513415653142698,0.513415653142698,0.5322625568656578,0.5420109553430508,0.5448890539411383,0.5805403398013184,0.5805403398013184,0.5836969640701885,0.5901958963884505,51.97716895
funder16,6,0.632411067,4.920948617,0.008015465132726673,0.04922438587392145,0.08967890989674195,0.11061341883162808,0.1822811070771842,0.23348578433683814,0.24305719270121176,0.29133858267716534,0.29982554575887593,0.35781979348389836,0.385308123909661,0.3943608845301523,0.4335895138856146,0.44547126220000943,0.44617850912348533,0.4846527417605733,0.487858927813664,0.5039841576689141,0.5281720024517893,0.5328869819416285,0.5437785845631572,0.5645244943184498,0.5645244943184498,0.5792352303267481,0.5792352303267481,0.5853647036635391,0.6019142816728748,0.6045546701871847,0.6195954547597718,0.6280824178414824,0.6280824178414824,0.6431703522089679,0.6462822386722618,0.6575038898580792,0.6608043755009666,44.2687747
funder16,7,0.419354839,4.14516129,0.002942356560117694,0.03878560920155143,0.0540323659221613,0.06045205296241808,0.08452587936338103,0.11261201016450448,0.11448441888457937,0.13802327136552092,0.1452454192858098,0.1586197672863448,0.17333155008693327,0.17975123712719004,0.21278587668851143,0.22402032900896082,0.22402032900896082,0.2347198074093888,0.2347198074093888,0.24675672060987028,0.2569212250902769,0.2569212250902769,0.2765815166510633,0.3060050822522402,0.3060050822522402,0.3541527350541661,0.3541527350541661,0.3750167179350007,0.3786277918951451,0.3786277918951451,0.3980205964959208,0.3980205964959208,0.4063126922562525,0.43627123177745086,0.43627123177745086,0.44536578841781466,0.4547278320181891,50.27419355
funder16,8,0.550458716,4.233944954,0.009442926713386387,0.05149067585223898,0.09157857227699252,0.10892029932295998,0.1507898800332581,0.19176861860078395,0.20216177693312745,0.2377954626440195,0.24367502078631667,0.2775270222116641,0.3154175080175793,0.32396959258819336,0.35176386744268917,0.37255018410737617,0.37522271053569306,0.4046798907233638,0.4087183751039316,0.4215465019598527,0.44072930276754957,0.44548046086233517,0.4704240408599596,0.49394227342914837,0.49804014728590096,0.5151443164271291,0.5195985271409906,0.5334956645682385,0.5447202755671695,0.5447202755671695,0.5619432236607673,0.5744150136595795,0.576256087421309,0.5857584036108802,0.5935978144672764,0.5935978144672764,0.6039909727996199,37.66972477
m1619,1,0.607142857,4.107142857,8.460236886632825e-4,0.012267343485617596,0.021785109983079528,0.034475465313028766,0.06725888324873096,0.1065989847715736,0.10807952622673435,0.15038071065989847,0.15418781725888325,0.21552453468697125,0.2620558375634518,0.27220812182741116,0.32445008460236885,0.3570219966159052,0.3570219966159052,0.38071065989847713,0.39149746192893403,0.4219543147208122,0.4420473773265651,0.4420473773265651,0.4820219966159052,0.4820219966159052,0.48688663282571915,0.4970389170896785,0.4970389170896785,0.5080372250423012,0.5194585448392555,0.5253807106598984,0.5621827411167513,0.5939086294416244,0.5939086294416244,0.6345177664974619,0.6345177664974619,0.6345177664974619,0.6715313028764806,106.5
m1619,2,0,1,0,0.079002079002079,0.09771309771309772,0.09771309771309772,0.09771309771309772,0.09771309771309772,0.11226611226611227,0.1288981288981289,0.1288981288981289,0.1288981288981289,0.1288981288981289,0.1288981288981289,0.1288981288981289,0.1288981288981289,0.1288981288981289,0.1288981288981289,0.1288981288981289,0.1288981288981289,0.1288981288981289,0.1288981288981289,0.2598752598752599,0.2598752598752599,0.2598752598752599,0.2598752598752599,0.2598752598752599,0.2598752598752599,0.2598752598752599,0.2598752598752599,0.2598752598752599,0.2598752598752599,0.2598752598752599,0.2598752598752599,0.2598752598752599,0.2598752598752599,0.2598752598752599,4.5
m1619,3,0.5,2,0.003838771593090211,0.026871401151631478,0.03838771593090211,0.03838771593090211,0.03838771593090211,0.03838771593090211,0.03838771593090211,0.08445297504798464,0.08445297504798464,0.08445297504798464,0.08445297504798464,0.08445297504798464,0.18426103646833014,0.2380038387715931,0.2380038387715931,0.2380038387715931,0.2380038387715931,0.2380038387715931,0.2380038387715931,0.2380038387715931,0.2783109404990403,0.2783109404990403,0.2783109404990403,0.2783109404990403,0.2783109404990403,0.2783109404990403,0.2783109404990403,0.2783109404990403,0.2783109404990403,0.2783109404990403,0.2783109404990403,0.46257197696737046,0.46257197696737046,0.46257197696737046,0.46257197696737046,84.83333333
m1619,4,0.375,3.291666667,0.0032482598607888632,0.03665893271461717,0.06867749419953596,0.07795823665893271,0.14756380510440836,0.20046403712296984,0.20046403712296984,0.24129930394431554,0.24547563805104408,0.2640371229698376,0.28445475638051043,0.28445475638051043,0.3206496519721578,0.34013921113689094,0.34013921113689094,0.40696055684454757,0.40696055684454757,0.40696055684454757,0.46867749419953597,0.46867749419953597,0.46867749419953597,0.4890951276102088,0.4890951276102088,0.4890951276102088,0.4890951276102088,0.5132250580046404,0.5132250580046404,0.5132250580046404,0.5132250580046404,0.5132250580046404,0.5132250580046404,0.5132250580046404,0.5132250580046404,0.5132250580046404,0.5132250580046404,44.04166667
m1619,5,0.695652174,3.434782609,0.0022731577950369387,0.018942981625307824,0.048494032960788025,0.05682894487592347,0.08903201363894676,0.12426595946201932,0.1375260465997348,0.17541200985035044,0.18905095662057209,0.23830270884637242,0.2737260844856981,0.28054555787080887,0.31009660920628906,0.32866073119909073,0.32866073119909073,0.40140178064027277,0.40784239439287745,0.41807160447054365,0.4864557681379049,0.4864557681379049,0.4983898465618488,0.5192271263496875,0.5322977836711499,0.5550293616215193,0.5550293616215193,0.5550293616215193,0.5601439666603524,0.5601439666603524,0.5656374313316916,0.5826861147944686,0.5885584390983141,0.6249289638189051,0.6249289638189051,0.6249289638189051,0.651449138094336,69.06521739
m1619,6,0.784615385,2.830769231,0.0013596193065941536,0.015771583956492183,0.04758667573079538,0.06607749830047586,0.10482664853840924,0.13582596872875594,0.1520054384772264,0.19986403806934058,0.20475866757307953,0.23738953093133922,0.276274643099932,0.279537729435758,0.3025152957171992,0.3158395649218219,0.3158395649218219,0.36587355540448674,0.37280761386811695,0.3874915023793338,0.4004078857919782,0.40584636301835486,0.4087015635622026,0.4087015635622026,0.4087015635622026,0.43154316791298436,0.43154316791298436,0.43861318830727397,0.46063902107409926,0.46063902107409926,0.4882392929979606,0.4882392929979606,0.4882392929979606,0.5056424201223657,0.5056424201223657,0.5102651257647859,0.5102651257647859,74.06153846
m1619,7,0.444444444,3.222222222,0.014792899408284023,0.08284023668639054,0.13609467455621302,0.15384615384615385,0.22781065088757396,0.28106508875739644,0.29142011834319526,0.3505917159763314,0.3505917159763314,0.36538461538461536,0.47928994082840237,0.47928994082840237,0.613905325443787,0.613905325443787,0.613905325443787,0.6375739644970414,0.6375739644970414,0.6375739644970414,0.665680473372781,0.665680473372781,0.727810650887574,0.727810650887574,0.727810650887574,0.727810650887574,0.727810650887574,0.727810650887574,0.8076923076923077,0.8076923076923077,0.8076923076923077,0.9408284023668639,0.9408284023668639,0.9408284023668639,0.9408284023668639,0.9408284023668639,0.9408284023668639,53.77777778
m1619,8,0.479166667,3.479166667,0.003347680535628886,0.026303204208512673,0.03706360593017695,0.046628407460545196,0.07771401243424199,0.11071257771401244,0.1291248206599713,0.17312290769966523,0.17742706838833094,0.22046867527498804,0.2783357245337159,0.28407460545193686,0.32759445241511237,0.36441893830703015,0.3680057388809182,0.3871353419416547,0.3871353419416547,0.412960306073649,0.4402199904351985,0.4402199904351985,0.4402199904351985,0.4612625538020086,0.4612625538020086,0.5129124820659972,0.5188904830224773,0.5188904830224773,0.5188904830224773,0.5188904830224773,0.5327594452415112,0.5327594452415112,0.5327594452415112,0.5404112864658058,0.5404112864658058,0.5648015303682449,0.5648015303682449,59.75
m2029,1,0.613636364,5.204545455,2.3367215796237878e-4,0.004673443159247575,0.014487673793667484,0.015422362425517,0.022432527164388365,0.0539782684893095,0.057249678700782805,0.06846594228297698,0.0726720411262998,0.10421778245122093,0.12478093235191028,0.13179109709078163,0.19102698913424465,0.20411262998013788,0.20411262998013788,0.2246757798808272,0.2246757798808272,0.2541184717840869,0.2896366397943685,0.2896366397943685,0.29945087042878843,0.3148732328543054,0.3148732328543054,0.3625423530786307,0.3654632550531604,0.38065194532071506,0.3901156677181914,0.3901156677181914,0.4239981306227363,0.4239981306227363,0.43124196751957006,0.46115200373875453,0.46115200373875453,0.5127935506484402,0.5414183899988316,127.4090909
m2029,2,0.291666667,3.583333333,9.615384615384616e-4,0.014423076923076924,0.021346153846153845,0.025961538461538463,0.03365384615384615,0.03596153846153846,0.03865384615384616,0.12480769230769231,0.12480769230769231,0.13442307692307692,0.14923076923076922,0.14923076923076922,0.15673076923076923,0.1621153846153846,0.165,0.1773076923076923,0.1773076923076923,0.1773076923076923,0.18461538461538463,0.19615384615384615,0.20423076923076924,0.22115384615384615,0.22115384615384615,0.22115384615384615,0.22115384615384615,0.22615384615384615,0.22615384615384615,0.22615384615384615,0.22615384615384615,0.22615384615384615,0.22615384615384615,0.22615384615384615,0.22615384615384615,0.22615384615384615,0.23288461538461538,81.875
m2029,3,0.230769231,3.538461538,0.0025167785234899327,0.037751677852348994,0.050335570469798654,0.053691275167785234,0.07466442953020135,0.1401006711409396,0.1401006711409396,0.28104026845637586,0.28104026845637586,0.2978187919463087,0.34395973154362414,0.34395973154362414,0.34395973154362414,0.35570469798657717,0.35570469798657717,0.3691275167785235,0.3691275167785235,0.39932885906040266,0.4949664429530201,0.4949664429530201,0.5125838926174496,0.549496644295302,0.549496644295302,0.6098993288590604,0.6098993288590604,0.6098993288590604,0.6098993288590604,0.6098993288590604,0.6098993288590604,0.6098993288590604,0.6098993288590604,0.6098993288590604,0.6098993288590604,0.6098993288590604,0.6098993288590604,43.53846154
m2029,4,0.31147541,3.950819672,0.003218157181571816,0.02252710027100271,0.05199864498644986,0.06961382113821138,0.13058943089430894,0.19766260162601626,0.20833333333333334,0.26795392953929537,0.2725271002710027,0.32842140921409213,0.36941056910569103,0.36941056910569103,0.4024390243902439,0.4190379403794038,0.4241192411924119,0.44308943089430897,0.4488482384823848,0.4671409214092141,0.5475948509485095,0.5475948509485095,0.5938346883468835,0.6050135501355014,0.6089092140921409,0.6454945799457995,0.6454945799457995,0.6454945799457995,0.6500677506775068,0.6500677506775068,0.6697154471544715,0.6798780487804879,0.690379403794038,0.69579945799458,0.69579945799458,0.69579945799458,0.7313685636856369,70.50819672
m2029,5,0.421052632,5.378947368,0.0022640610104861774,0.01823164918970448,0.03646329837940896,0.0438512869399428,0.06589609151572927,0.07590562440419447,0.08216158245948522,0.10599380362249762,0.10921115347950429,0.1217230695900858,0.14007387988560535,0.14293374642516682,0.1638465204957102,0.18636796949475692,0.19083651096282173,0.2242016205910391,0.2282530981887512,0.24005004766444232,0.261558627264061,0.261558627264061,0.28533126787416585,0.3010605338417541,0.3010605338417541,0.35682793136320307,0.3583174451858913,0.38465204957102,0.39913012392755004,0.39913012392755004,0.40949714013346045,0.4255838894184938,0.42927788369876074,0.4502502383222116,0.46008102955195423,0.46413250714966636,0.47664442326024786,128.3894737
m2029,6,0.492537313,4.597014925,0.0034318398474737846,0.023069590085795996,0.04880838894184938,0.05338417540514776,0.07483317445185891,0.10228789323164919,0.10762631077216396,0.13508102955195425,0.13679694947569113,0.15586272640610105,0.16530028598665394,0.16758817921830316,0.19733079122974262,0.20533841754051477,0.20676835081029551,0.24642516682554813,0.24642516682554813,0.26015252621544327,0.2836987607244995,0.2894184938036225,0.3094375595805529,0.32411820781696854,0.32411820781696854,0.3561487130600572,0.3561487130600572,0.38341277407054336,0.38856053384175404,0.38856053384175404,0.40238322211630123,0.42526215443279314,0.42526215443279314,0.4588179218303146,0.46196377502383223,0.4716873212583413,0.48836987607244997,103.761194
m2029,7,0.461538462,4.897435897,0.001464486209421528,0.018550158652672687,0.057359043202343175,0.07005125701732975,0.09323895533317061,0.12692213814986575,0.13375640712716622,0.16695142787405418,0.16695142787405418,0.2011227727605565,0.20917744691237491,0.20917744691237491,0.288503783256041,0.32267512814254334,0.32267512814254334,0.32658042470100074,0.32658042470100074,0.36612155235538196,0.37539663168171833,0.37539663168171833,0.38052233341469366,0.41274103002196727,0.41274103002196727,0.43031486453502565,0.43031486453502565,0.45569929216499877,0.4622894801073957,0.4622894801073957,0.50475958018062,0.5120820112277276,0.5196485233097389,0.5352697095435685,0.5352697095435685,0.5435684647302904,0.5435684647302904,68.51282051
m2029,8,0.432692308,5.644230769,0.00226904376012966,0.021458670988654782,0.04168557536466775,0.05309562398703403,0.08388978930307942,0.11384116693679093,0.1192868719611021,0.14833063209076175,0.15358184764991897,0.1840518638573744,0.22113452188006483,0.22658022690437601,0.26619124797406807,0.2807131280388979,0.2807131280388979,0.31079416531604537,0.31079416531604537,0.32713128038897893,0.36038897893030797,0.3694651539708266,0.38035656401944895,0.3917666126418152,0.393257698541329,0.40570502431118316,0.40570502431118316,0.4141329011345219,0.4193841166936791,0.4193841166936791,0.42502431118314427,0.4308589951377634,0.4328687196110211,0.47850891410048624,0.47850891410048624,0.47850891410048624,0.4807779578606159,100.6153846
m3039,1,0.666666667,5.8125,6.257169673584315e-4,0.011680050057357389,0.03013870059443112,0.03848159349254354,0.047867348002920015,0.06538742308895609,0.06757743247471061,0.08342892898112421,0.08342892898112421,0.11262905412451768,0.12983627072687454,0.13734487433517573,0.16445927625404108,0.16591928251121077,0.16748357492960683,0.1925122536239441,0.19428511836479298,0.21117947648347066,0.24288246949629785,0.24288246949629785,0.2560225258108249,0.2766711857336531,0.2766711857336531,0.2966941286891229,0.29930128271978307,0.31828136406298885,0.3379914485347794,0.3409114610491188,0.36813014912921055,0.3869016581499635,0.3869016581499635,0.4069246011054333,0.42757326102826154,0.44884763791844823,0.4524976535613724,142.6458333
m3039,2,0.34375,3.8125,7.832386919913843e-4,0.01762287056980615,0.039357744272567066,0.043273937732523984,0.05110632465243783,0.07460348541217936,0.07460348541217936,0.09496769140395536,0.09849226551791658,0.10632465243783043,0.1321715292735461,0.1321715292735461,0.1728999412570981,0.17838261210103779,0.17838261210103779,0.19404738594086549,0.19737615038182887,0.20794987272371254,0.22655179165850792,0.22655179165850792,0.23477579792441747,0.2520070491482279,0.2565106716271784,0.2612101037791267,0.2612101037791267,0.2612101037791267,0.2717838261210104,0.2717838261210104,0.2774623066379479,0.2774623066379479,0.2774623066379479,0.3025259447816722,0.3025259447816722,0.3025259447816722,0.3367926375562953,95.53125
m3039,3,0.428571429,5.392857143,0.003975616220514179,0.037900874635568516,0.056983832494036574,0.06970580439968195,0.11078717201166181,0.12191889742910152,0.12934004770739466,0.2099125364431487,0.2099125364431487,0.23111582295255764,0.25735489000795125,0.2637158759607739,0.2809435462496687,0.32175987278028095,0.32175987278028095,0.3472038165915717,0.3607209117413199,0.3607209117413199,0.3808640339252584,0.3808640339252584,0.4031274847601378,0.4264510999204877,0.4264510999204877,0.4646170156374238,0.4646170156374238,0.49907235621521334,0.49907235621521334,0.49907235621521334,0.52213093029419555,0.52213093029419555,0.52213093029419555,0.5645375033130136,0.5645375033130136,0.5645375033130136,0.5923668168566127,97
m3039,4,0.314049587,5.247933884,0.004928219412899079,0.029676451682022712,0.05008570816370259,0.06101349903578316,0.09583244053996143,0.11800942789800728,0.12325905292479108,0.15497107349475037,0.15979215770302121,0.1812191986286694,0.19241482751232056,0.19562888365116776,0.21860938504392544,0.22310906363831154,0.22391257767302336,0.24191129205056783,0.24191129205056783,0.24866080994214698,0.2649453610456396,0.26708806513820443,0.2828369402185558,0.292264838225841,0.308281551317763,0.32885151060638523,0.3328690807799443,0.3426183844011142,0.3556353117634455,0.36313477608742234,0.37245553889007926,0.37245553889007926,0.3774373259052925,0.3911506320977073,0.3911506320977073,0.3966145275337476,0.4116134561817013,96.46280992
m3039,5,0.503311258,5.801324503,0.0019824302262302727,0.01846381093057607,0.034789706911295966,0.04660654590686465,0.06701391588276452,0.09103630568296665,0.09783876234159994,0.11742983751846381,0.12162792505636322,0.15117002254528492,0.17340433802378916,0.18553214646660965,0.2072611365933297,0.21814506724714297,0.22106040581512867,0.25402316722382023,0.25732721760087074,0.2727202052398352,0.28601414910984996,0.2922335380548861,0.308559434035606,0.31540076187514576,0.3180828733576926,0.3553992070279095,0.360258104641219,0.38148176941615486,0.40247220710565185,0.40900256549793984,0.4304205861774081,0.4397496695949623,0.4421596828111638,0.46081784964627226,0.4710798414055819,0.479009562310503,0.4858120189691363,142.8675497
m3039,6,0.586956522,6.108695652,0.0020370666240613518,0.013939926505831602,0.02592267135325132,0.032792778399105285,0.06294935293177824,0.09242690525643074,0.10081482664962454,0.12350215689407254,0.12817542738456622,0.15333919156414763,0.1735500878734622,0.17546732704904938,0.20506470682217606,0.2285508867231187,0.22974916120786068,0.2565905096660808,0.2565905096660808,0.27384566224636525,0.2814347339830644,0.2886243808915162,0.3012062629813069,0.31262981306918036,0.31262981306918036,0.3337194440006391,0.3377136922831123,0.3574452787985301,0.3908771369228311,0.39758747403738615,0.42307077807956545,0.4458379932896629,0.4470762102572296,0.4790301965170155,0.4803482984502317,0.4939287426106407,0.5023166640038345,121.8405797
m3039,7,0.391304348,4.47826087,0.0024326672458731538,0.02154648132059079,0.041355343179843615,0.05664639443961773,0.08097306689834927,0.11954821894005213,0.12562988705473502,0.1576020851433536,0.1576020851433536,0.18019113814074716,0.18592528236316247,0.20469157254561252,0.22728062554300607,0.23944396177237184,0.23944396177237184,0.25612510860121634,0.2679409209383145,0.2773240660295395,0.29052997393570806,0.29052997393570806,0.3014769765421373,0.3167680278019114,0.336750651607298,0.3784535186794092,0.3784535186794092,0.38297132927888794,0.39235447437011295,0.39235447437011295,0.39235447437011295,0.39235447437011295,0.39235447437011295,0.4201563857515204,0.4201563857515204,0.4319721980886186,0.4380538662033015,120.4130435
m3039,8,0.479452055,5.51369863,0.0021091989837495806,0.019078663534825752,0.0377738363453334,0.04314270648578687,0.07334260102583769,0.09606442644168545,0.0997555246632472,0.13273572695460428,0.1392071329274723,0.161737212981161,0.18230190307271943,0.18345237524567373,0.20713292747231676,0.22122621159100714,0.2248214371314894,0.25780163942284645,0.2586165572120224,0.27501078567662146,0.294137385551987,0.3037246536599396,0.33895786395666555,0.3558314558266622,0.35693399165907674,0.383394851637026,0.3905853027179905,0.40304875125832895,0.4146972820094914,0.424092804755285,0.4505057283926945,0.457696179473659,0.457696179473659,0.4807056229327453,0.4807056229327453,0.49211447198120895,0.4988255596567758,110.3356164
m4049,1,0.747663551,6.542056075,0.001177445379617112,0.011294753826697484,0.020060180541624874,0.023723343944878114,0.03462561597836989,0.05922114168592735,0.06624220487549605,0.09729187562688064,0.10828136583664036,0.14316863634381405,0.1753085342985478,0.17949500675940866,0.2140770136496446,0.23849810300466617,0.2411146482927042,0.2648379922375823,0.26706205573241465,0.27805154594217435,0.310365880249444,0.3121102437748027,0.3176049888796825,0.3444681871702063,0.3454711961972875,0.3601238498103005,0.36121407701364966,0.37141860363699797,0.38319305743316906,0.3880772753041734,0.40072391086302384,0.416423182591252,0.419126946055558,0.43866381753957523,0.43866381753957523,0.45497361650167895,0.4626052069251232,190.635514
m4049,2,0.666666667,5.733333333,0.001413094677343382,0.019312293923692887,0.041921808761187,0.06641544983513896,0.0970325011775789,0.11964201601507302,0.12293923692887423,0.14178049929345266,0.14178049929345266,0.18417333961375412,0.18935468676401318,0.18935468676401318,0.21384832783796515,0.2468205369759774,0.2468205369759774,0.26189354686764016,0.26189354686764016,0.27037211493170044,0.3151201130475742,0.3151201130475742,0.3250117757889779,0.335374470089496,0.335374470089496,0.34667922750824304,0.34667922750824304,0.34667922750824304,0.3721149317004239,0.3721149317004239,0.3721149317004239,0.41450777202072536,0.41450777202072536,0.5350918511540274,0.5350918511540274,0.5671219971738106,0.5671219971738106,134.8
m4049,3,0.35483871,3.903225806,0.002380952380952381,0.044444444444444446,0.07658730158730159,0.10357142857142858,0.10952380952380952,0.14523809523809525,0.14801587301587302,0.16071428571428573,0.17142857142857143,0.23492063492063492,0.24365079365079365,0.24841269841269842,0.27420634920634923,0.2908730158730159,0.2968253968253968,0.30317460317460315,0.30992063492063493,0.3384920634920635,0.39880952380952384,0.39880952380952384,0.39880952380952384,0.4162698412698413,0.4162698412698413,0.4257936507936508,0.4257936507936508,0.4257936507936508,0.4257936507936508,0.4257936507936508,0.4373015873015873,0.4373015873015873,0.4373015873015873,0.45,0.45,0.45,0.45,49.83870968
m4049,4,0.401960784,4.852941176,0.00297441998810232,0.022159428911362283,0.049821534800713864,0.06737061273051755,0.09748661511005353,0.13585663295657346,0.14210291493158833,0.1611392028554432,0.1638161808447353,0.18686793575252825,0.20813503866745983,0.213488994646044,0.2579565734681737,0.2829417013682332,0.2829417013682332,0.31863474122546104,0.31989886972040454,0.3225758477096966,0.34941998810232006,0.3509071980963712,0.3680844735276621,0.3697204045211184,0.3697204045211184,0.40184414039262345,0.4111392028554432,0.4246728138013087,0.43671921475312314,0.4388013087447948,0.453896490184414,0.46505056513979776,0.46505056513979776,0.4721891731112433,0.4746430696014277,0.4796995835812017,0.49271267102914934,82.39215686
m4049,5,0.710526316,6.452631579,0.0016540642722117202,0.018194706994328923,0.0351291745431632,0.04405587061541693,0.06387838689350976,0.08451480781348457,0.08874186095358118,0.11184625078764965,0.11657214870825457,0.139413988657845,0.16020793950850662,0.16461877756773788,0.18304977945809703,0.19701743331232935,0.2009556815795001,0.2194391934467549,0.22256353707204368,0.23248792270531402,0.24894980046208778,0.25210039907582443,0.2631274942239025,0.2896975425330813,0.29211300147027935,0.31227683259819367,0.3129332073093888,0.320442134005461,0.32823986557445917,0.3304452846040748,0.3380592312539383,0.3482986767485822,0.3482986767485822,0.3718231463978156,0.37355597563537074,0.37980466288594833,0.3880749842470069,157.5315789
m4049,6,0.745454545,6.263636364,0.0026441549620357567,0.01676248696116246,0.03532008830022075,0.044344176794507924,0.07648642747980497,0.09831889964340296,0.10460179996603838,0.12905416878926812,0.13451228683016764,0.1662906629794047,0.1924411129709143,0.19826310554787377,0.21592314969798412,0.22780971787594304,0.2325400868447226,0.2682483079834073,0.2731970016738229,0.2880430827450695,0.3221502559250904,0.32312058802125027,0.33636562113383306,0.34917400480314387,0.3502898867137278,0.3793998495985251,0.3793998495985251,0.4109356427237222,0.42272517769206513,0.42272517769206513,0.42764961308007665,0.43347160565703613,0.43422361303156004,0.46682677146253304,0.4684278194211969,0.47667564223855613,0.49195837275307475,142.8409091
m4049,7,0.486486486,5.243243243,0.0018615040953090098,0.033134772896500374,0.0577066269545793,0.06738644825018615,0.0953090096798213,0.13998510796723754,0.15822784810126583,0.18801191362620998,0.18801191362620998,0.22896500372300818,0.23715562174236784,0.23938942665673865,0.26116902457185404,0.2741995532390171,0.27699180938198065,0.2859270290394639,0.2859270290394639,0.31943410275502604,0.33711839166046165,0.33711839166046165,0.37230081906180196,0.38868205510052123,0.38868205510052123,0.41102010424422936,0.4156738644825019,0.4205137751303053,0.4355919583023083,0.4460163812360387,0.456813104988831,0.456813104988831,0.4625837676842889,0.4744973938942666,0.4806403574087863,0.4932985852568876,0.4998138495904691,78.97297297
m4049,8,0.589403974,6.17218543,0.002379139703083365,0.02236391320898363,0.04506090597639893,0.05876475066615912,0.09278644842025124,0.12419109250095166,0.1305196041111534,0.16135325466311382,0.16306623524933384,0.19256756756756757,0.22240197944423296,0.22925390178911306,0.25399695470118006,0.2766463646745337,0.2866387514274838,0.3254663113818043,0.3311286638751427,0.348258469737343,0.3690521507422916,0.3690521507422916,0.39003616292348686,0.3963170917396269,0.399600304529882,0.4304339550818424,0.4304339550818424,0.44899124476589264,0.46440807004187284,0.46574038827559955,0.47401979444232967,0.4768747620860297,0.47982489531785305,0.5133231823372668,0.5148934145413019,0.5213646745336886,0.5296916634944804,118.5165563
m5059,1,0.678832117,5.759124088,8.916776750330251e-4,0.006836195508586526,0.014068692206076618,0.020145310435931308,0.03484147952443857,0.04970277410832232,0.05293923381770145,0.07935931307793924,0.08114266842800529,0.11614927344782035,0.13177014531043593,0.13533685601056802,0.16238441215323646,0.18319022457067372,0.18863936591809777,0.21505944517833553,0.21618229854689563,0.2322324966974901,0.26360634081902246,0.2715323645970938,0.28193527080581243,0.29864597093791284,0.302443857331572,0.3230515191545575,0.3247027741083223,0.3461690885072655,0.35776089828269486,0.35961030383091147,0.383553500660502,0.40039630118890357,0.40039630118890357,0.4225891677675033,0.4225891677675033,0.4315719947159842,0.4431307793923382,157.3576642
m5059,2,0.461538462,5.076923077,0.0011435105774728416,0.017152658662092625,0.044596912521440824,0.05603201829616924,0.07604345340194396,0.1069182389937107,0.1069182389937107,0.12064036592338478,0.12064036592338478,0.1320754716981132,0.14465408805031446,0.14465408805031446,0.14465408805031446,0.1926815323041738,0.1926815323041738,0.20182961692395654,0.20182961692395654,0.20182961692395654,0.23441966838193254,0.23441966838193254,0.27044025157232704,0.27044025157232704,0.27044025157232704,0.27044025157232704,0.27044025157232704,0.30017152658662094,0.30017152658662094,0.30017152658662094,0.30017152658662094,0.30017152658662094,0.30017152658662094,0.35506003430531735,0.35506003430531735,0.35506003430531735,0.35506003430531735,67.92307692
m5059,3,0.4,2.6,9.45179584120983e-4,0.021739130434782608,0.03733459357277883,0.04678638941398866,0.08695652173913043,0.10396975425330812,0.12051039697542533,0.14697542533081284,0.14697542533081284,0.16587901701323252,0.19706994328922495,0.20274102079395084,0.20888468809073724,0.23534971644612476,0.23534971644612476,0.2504725897920605,0.2504725897920605,0.3270321361058601,0.3270321361058601,0.3270321361058601,0.33695652173913043,0.3889413988657845,0.3889413988657845,0.4002835538752363,0.4120982986767486,0.4120982986767486,0.4120982986767486,0.4120982986767486,0.4120982986767486,0.42627599243856334,0.42627599243856334,0.44139886578449905,0.4725897920604915,0.4886578449905482,0.4886578449905482,42.4
m5059,4,0.369230769,5.615384615,0.004448398576512456,0.026054905948144382,0.051220132180986276,0.05630401626842908,0.10968479918657854,0.16840366039654295,0.17819013726487037,0.23411286222674124,0.23868835790543977,0.284443314692425,0.2984239959328927,0.3045246568378241,0.32269954245043214,0.34227249618708694,0.34227249618708694,0.3666751398068124,0.3688357905439756,0.3756990340620234,0.3998474834773767,0.3998474834773767,0.3998474834773767,0.42221657346212504,0.42221657346212504,0.4893238434163701,0.4893238434163701,0.5223690899847484,0.53266395526182,0.53266395526182,0.53266395526182,0.53266395526182,0.5405439755973563,0.5527452974072191,0.5527452974072191,0.5527452974072191,0.5972292831723437,65.83076923
m5059,5,0.584795322,6.391812865,0.0021421547970220537,0.020051973591796602,0.03743503301025425,0.04530130636325327,0.07954066582385166,0.1105141171512853,0.1196094957156904,0.1429273774406518,0.14513976682118276,0.17112656271948307,0.19739429695181906,0.19950133445708668,0.2264362972327574,0.23872734934681838,0.24030762747576906,0.26783958421126564,0.27082455401039474,0.2891557803062228,0.31317600786627336,0.31458069953645174,0.34260429835651074,0.35651074589127685,0.3589338390223346,0.39348925410872315,0.3943671864025846,0.4162803764573676,0.4267102121084422,0.4276934962775671,0.44093271526899847,0.4609495715690406,0.4685700238797584,0.49216884393875543,0.49216884393875543,0.5029147352156201,0.5139766821182751,128.0526316
m5059,6,0.569230769,6.338461538,0.0019450865422563004,0.015588881998083103,0.035208885380842304,0.04772509443536111,0.08394880757738062,0.10745898404465243,0.11061622596831482,0.14489485256807802,0.14768562891131534,0.17643908214466933,0.19690477532840953,0.20130236229351073,0.23098607430794385,0.25584935445678525,0.26050064836218073,0.29748548232508315,0.3037153971923099,0.33010091898291705,0.34188419687658567,0.3447031628798557,0.35713480295427635,0.3831820488244912,0.38642385972825166,0.4080735186333653,0.4115972261374528,0.4240570558719062,0.4400405931104471,0.4455657664768563,0.4553757681682359,0.4604499069741219,0.4604499069741219,0.4757850820319107,0.4757850820319107,0.4824942211196933,0.4992670688391498,134.7179487
m5059,7,0.4,4.514285714,0.001670843776106934,0.02046783625730994,0.05054302422723475,0.07477025898078529,0.1060985797827903,0.12113617376775271,0.12552213868003342,0.16228070175438597,0.16416040100250626,0.23725981620718462,0.2671261487050961,0.2771512113617377,0.2880116959064328,0.3084795321637427,0.3084795321637427,0.3385547201336675,0.3385547201336675,0.38742690058479534,0.3993316624895572,0.3993316624895572,0.41248955722639935,0.45384294068504594,0.45384294068504594,0.5591060985797828,0.5591060985797828,0.5753968253968254,0.5753968253968254,0.5753968253968254,0.6056808688387636,0.6056808688387636,0.6056808688387636,0.6056808688387636,0.6056808688387636,0.6127819548872181,0.6274018379281537,62.91428571
m5059,8,0.4,6.412903226,0.0016212295746405563,0.01646827936345407,0.0402747557489654,0.045906395324032595,0.06723836341140833,0.10128418447886002,0.1066598404368787,0.1407909893766799,0.14347881735568924,0.18187635991296558,0.2109731643841461,0.2140449677887282,0.23456632108878364,0.25726353513375144,0.2604633303468578,0.2966423482230471,0.3017193566278425,0.31631042279960747,0.34062886641921586,0.3491616536541661,0.36618456418789197,0.38026366312556,0.3822262041895985,0.4211357139809719,0.4222023123853407,0.44549682153675496,0.45816801058065615,0.45816801058065615,0.48167583941294423,0.4867955117539144,0.4867955117539144,0.5004479713298349,0.5074875207986689,0.510388668458552,0.5432398993131107,113.5935484
m6069,1,0.525547445,5.795620438,6.485645105499827e-4,0.01301452784503632,0.02689380837080595,0.0326011760636458,0.05659806295399516,0.07864925631269457,0.08379453476305776,0.11319612590799032,0.1174766516776202,0.15336388792805258,0.18380318228986509,0.18899169837426497,0.2210307851954341,0.23555863023175372,0.23815288827395364,0.2672085783465929,0.27455897613282604,0.29168107921134556,0.32289865098581805,0.33327568315461775,0.35234347976478725,0.37422172258734004,0.3752161881701833,0.40323417502594255,0.4064769975786925,0.4177187824282255,0.4258906952611553,0.4295226565202352,0.44582324455205813,0.45230888965755794,0.45230888965755794,0.4633777239709443,0.4662314078173642,0.47799204427533726,0.4916118989968869,117.9927007
m6069,2,0.307692308,5.461538462,0.0010398613518197574,0.007279029462738302,0.029116117850953208,0.0415944540727903,0.06239168110918544,0.07487001733102253,0.07972270363951472,0.1046793760831889,0.1046793760831889,0.1220103986135182,0.1220103986135182,0.1220103986135182,0.13552859618717505,0.14523396880415945,0.14523396880415945,0.1563258232235702,0.1563258232235702,0.1563258232235702,0.16949740034662045,0.16949740034662045,0.16949740034662045,0.16949740034662045,0.16949740034662045,0.16949740034662045,0.16949740034662045,0.16949740034662045,0.17885615251299827,0.17885615251299827,0.18890814558058924,0.18890814558058924,0.1996533795493934,0.21074523396880415,0.21074523396880415,0.21074523396880415,0.22287694974003466,76.38461538
m6069,3,0.230769231,4.923076923,0.00125,0.0125,0.03875,0.06125,0.08,0.14375,0.148125,0.203125,0.203125,0.203125,0.230625,0.238125,0.303125,0.329375,0.329375,0.329375,0.350625,0.350625,0.350625,0.350625,0.350625,0.364375,0.364375,0.379375,0.379375,0.379375,0.379375,0.379375,0.379375,0.379375,0.379375,0.399375,0.399375,0.441875,0.485625,97.07692308
m6069,4,0.264150943,6.41509434,0.002054794520547945,0.043835616438356165,0.09006849315068494,0.1023972602739726,0.15547945205479452,0.24280821917808218,0.25,0.3102739726027397,0.3256849315068493,0.3736301369863014,0.4075342465753425,0.4075342465753425,0.43424657534246575,0.45102739726027397,0.45616438356164385,0.4671232876712329,0.4671232876712329,0.48253424657534244,0.49554794520547946,0.5023972602739726,0.5131849315068493,0.524486301369863,0.524486301369863,0.5327054794520548,0.536986301369863,0.5547945205479452,0.5779109589041096,0.5779109589041096,0.5928082191780822,0.6184931506849315,0.6184931506849315,0.6184931506849315,0.6184931506849315,0.6184931506849315,0.624486301369863,65.75471698
m6069,5,0.406666667,6.573333333,0.0030440640750536456,0.02400319377214432,0.051250062378362195,0.06502320475073606,0.09995508757922052,0.137082688756924,0.1465142971206148,0.17406058186536255,0.17720445131992615,0.21063925345576126,0.23643894405908478,0.24781675732321973,0.2802535056639553,0.3075003742701732,0.30974599530914715,0.35046659014920906,0.35131493587504364,0.3728728978491941,0.39088776885074106,0.3988721992115375,0.41249563351464646,0.43115923948300816,0.4357502869404661,0.4632965716852138,0.4707819751484605,0.48375667448475473,0.4945356554718299,0.4959329307849693,0.5089575328110185,0.5149458555816159,0.5149458555816159,0.5229302859424123,0.5245770747043266,0.5262737661559959,0.5419931134288138,93.46666667
m6069,6,0.487179487,6.726495726,0.0025047529951413828,0.026103751093943327,0.05462172194223979,0.06403717898421704,0.11051090925551499,0.14437034131031778,0.15345384313607147,0.18459727796722697,0.18921447324742735,0.22180643993119473,0.24736699158040862,0.2524368530645502,0.28342939916105864,0.3168059872649908,0.3272173099556387,0.3706732655339952,0.3752904608141956,0.3953888402691855,0.4309382261520355,0.43697377553791833,0.46359054832966173,0.4901469656275462,0.4950055828831819,0.5348402088300087,0.5355946525032441,0.5567794308476929,0.5649274225186348,0.5657723994326583,0.5867761112955306,0.595829435374355,0.5986359658387905,0.6150526601683918,0.6160485258170625,0.6252829163774632,0.6347889066602288,110.0299145
m6069,7,0.244444444,6.177777778,0.0037007665873645254,0.02907745175786413,0.08776103621464446,0.11208035950303992,0.17287866772402855,0.21570182394924664,0.2416071900607983,0.29236056040179753,0.3042558815754692,0.34919376156489557,0.36373248744382763,0.37642083002907745,0.41422151731430085,0.41422151731430085,0.41422151731430085,0.4269098598995506,0.4269098598995506,0.436426116838488,0.5067406819984139,0.5067406819984139,0.5178429817605076,0.5178429817605076,0.5543219666931007,0.598731165741475,0.6251652127940788,0.6320380650277557,0.6320380650277557,0.6320380650277557,0.655035685963521,0.6867565424266455,0.6949510970129527,0.7034099920697859,0.7208564631245044,0.7298440391223896,0.7298440391223896,68.6
m6069,8,0.325203252,6.593495935,0.002509680195038004,0.03420335580094651,0.05722070844686648,0.06668578803958124,0.10110425928581672,0.14498781012476697,0.15151297863186577,0.18822601462785027,0.20113294134518858,0.25921411157321095,0.286820593718629,0.2988670586548114,0.32217123189445,0.34827190592284524,0.35042306037573495,0.3951670729958411,0.39638606051914527,0.4144557579234189,0.42944213394521724,0.42944213394521724,0.4475118313494909,0.46013193747311054,0.4617811558869927,0.49103685644629286,0.49103685644629286,0.5264591997705436,0.5303312777857451,0.5323390219417754,0.553133514986376,0.5832496773268321,0.5854725369281515,0.6038290549261437,0.6038290549261437,0.6111429800659688,0.6412591424064248,84.93495935
m70,1,0.37654321,5.895061728,0.002104709287029729,0.022941331228624046,0.043304393580636674,0.05298605630097343,0.07245461720599843,0.09771112865035517,0.1032359905288082,0.13312286240463037,0.14354117337542752,0.19037095501183898,0.21410155222309918,0.22357274401473295,0.2810313075506446,0.3060773480662983,0.3116022099447514,0.37390160484083135,0.3774796106287819,0.39831623257037624,0.4353064982899237,0.440568271507498,0.45272296764009473,0.4770323599052881,0.47945277558537225,0.5059721126019469,0.5072875559063404,0.5346487766377269,0.5474348855564325,0.5489081820573534,0.5687450670876085,0.5813733228097869,0.5813733228097869,0.5965272296764009,0.5965272296764009,0.62336227308603,0.638095238095238,83.35802469
m70,2,0.111111111,3.333333333,0.0024183796856106408,0.041112454655380895,0.07376058041112454,0.08827085852478839,0.1487303506650544,0.19951632406287786,0.19951632406287786,0.23821039903264812,0.23821039903264812,0.2503022974607013,0.26360338573155984,0.26360338573155984,0.26360338573155984,0.28053204353083433,0.29866989117291415,0.43409915356711004,0.43409915356711004,0.43409915356711004,0.43409915356711004,0.43409915356711004,0.43409915356711004,0.43409915356711004,0.43409915356711004,0.43409915356711004,0.43409915356711004,0.4969770253929867,0.4969770253929867,0.4969770253929867,0.4969770253929867,0.4969770253929867,0.4969770253929867,0.4969770253929867,0.4969770253929867,0.4969770253929867,0.4969770253929867,58.22222222
m70,3,0.333333333,5.5,0,0.043478260869565216,0.0782608695652174,0.08405797101449275,0.1565217391304348,0.17391304347826086,0.17391304347826086,0.19710144927536233,0.21014492753623187,0.2536231884057971,0.2855072463768116,0.2855072463768116,0.2855072463768116,0.30579710144927535,0.30579710144927535,0.3289855072463768,0.3289855072463768,0.3289855072463768,0.3289855072463768,0.3289855072463768,0.3289855072463768,0.3289855072463768,0.3289855072463768,0.3289855072463768,0.3289855072463768,0.3289855072463768,0.3289855072463768,0.3289855072463768,0.3289855072463768,0.3289855072463768,0.3289855072463768,0.3753623188405797,0.3753623188405797,0.3753623188405797,0.4260869565217391,125.6666667
m70,4,0.16,5.48,0.0028873917228103944,0.03946102021174206,0.06400384985563042,0.07362848893166506,0.15664100096246392,0.22305101058710297,0.23652550529355149,0.2846487006737247,0.2933108758421559,0.3318094321462945,0.3635707410972088,0.37223291626564003,0.39725697786333014,0.44778633301251203,0.44778633301251203,0.5016843118383061,0.5098652550529356,0.5141963426371511,0.5599133782483157,0.5599133782483157,0.5700192492781521,0.5911934552454283,0.5911934552454283,0.6200673724735323,0.6200673724735323,0.6263233878729547,0.6393166506256015,0.6393166506256015,0.6462945139557267,0.6607314725697786,0.6607314725697786,0.6761308950914341,0.6761308950914341,0.6761308950914341,0.6761308950914341,53.64
m70,5,0.181208054,5.959731544,0.004606525911708253,0.03301343570057581,0.065489443378119,0.07316698656429943,0.1219193857965451,0.15969289827255279,0.17205374280230326,0.2181190019193858,0.22502879078694818,0.2641842610364683,0.30809980806142034,0.3127063339731286,0.3586180422264875,0.3908637236084453,0.4000767754318618,0.4369289827255278,0.44084452975047983,0.45604606525911706,0.48084452975047987,0.48391554702495204,0.4968138195777351,0.5120153550863724,0.5120153550863724,0.5267562380038388,0.5286756238003839,0.5426487523992323,0.5488675623800384,0.5488675623800384,0.5822648752399232,0.5983877159309021,0.5983877159309021,0.6180422264875239,0.6180422264875239,0.6206525911708254,0.634088291746641,74.14765101
m70,6,0.243027888,6.250996016,0.004197271773347324,0.028992266138121333,0.05347635148264739,0.06995452955578874,0.11464770121643154,0.16291632660992578,0.17134973378415141,0.22140608604407136,0.22910108429520812,0.28040107263611985,0.3188760638918037,0.3272706074384983,0.36364696280750847,0.3962924099335432,0.40387081730208696,0.43807080952936145,0.4453383078776573,0.46632466674439393,0.49069216120632697,0.49457852395942636,0.5068205666316894,0.5273405619680541,0.5273405619680541,0.5543896467296258,0.5573044187944503,0.5684194162683145,0.5810112315883564,0.5853639578718277,0.596634409855816,0.6106253157669737,0.6106253157669737,0.6280362209008589,0.6280362209008589,0.6293575842369127,0.6375189460184214,65.74103586
m70,7,0.075,6.15,0.009996001599360257,0.04438224710115954,0.11995201919232307,0.13114754098360656,0.22910835665733706,0.30827668932427027,0.33346661335465816,0.38144742103158735,0.42103158736505397,0.4530187924830068,0.47061175529788085,0.4802079168332667,0.5113954418232707,0.5281887245101959,0.534186325469812,0.578968412634946,0.578968412634946,0.5861655337864854,0.639344262295082,0.6473410635745702,0.6557377049180327,0.6557377049180327,0.6557377049180327,0.6845261895241903,0.6845261895241903,0.6845261895241903,0.6845261895241903,0.6845261895241903,0.6845261895241903,0.6845261895241903,0.6845261895241903,0.6845261895241903,0.6845261895241903,0.7117153138744502,0.7397041183526589,46.075
m70,8,0.171428571,4.923809524,0.003685897435897436,0.04919871794871795,0.09246794871794872,0.10721153846153846,0.16169871794871796,0.22516025641025642,0.23637820512820512,0.28894230769230766,0.28894230769230766,0.34823717948717947,0.4011217948717949,0.41458333333333336,0.4395833333333333,0.4754807692307692,0.48028846153846155,0.500801282051282,0.503525641025641,0.5439102564102564,0.5834935897435898,0.5931089743589744,0.6200320512820513,0.6447115384615385,0.6483974358974359,0.6868589743589744,0.6868589743589744,0.6993589743589743,0.7123397435897436,0.7123397435897436,0.7262820512820513,0.7310897435897435,0.7310897435897435,0.746474358974359,0.746474358974359,0.746474358974359,0.7576923076923077,52.51428571
munder16,1,0.680672269,5.075630252,0.004143030148511696,0.018548027280260056,0.03269806871056154,0.04264134106698961,0.07769775001593474,0.11135190260692204,0.11938300720249857,0.1724137931034483,0.17929759704251386,0.21626617375231053,0.2576327363120658,0.2629868060424501,0.2961310472305437,0.3211167059723373,0.32780929313531776,0.36452291414366755,0.3677735993371152,0.39186691312384475,0.41608770476129775,0.43138504684811013,0.45815539550003187,0.47358021543756773,0.47358021543756773,0.5179425074893237,0.5179425074893237,0.5361718401427752,0.5447765950666071,0.5483459748868634,0.5668302632417618,0.5783032698068711,0.5822550831792976,0.5924533112371725,0.596660080311046,0.6009943272356428,0.6054560520109631,85.38655462
munder16,2,0.4,4.533333333,0.052083333333333336,0.19791666666666666,0.2994791666666667,0.3098958333333333,0.5052083333333334,0.7552083333333334,0.7916666666666666,0.8125,0.8125,0.8125,0.8125,0.8125,0.8463541666666666,0.8463541666666666,0.8463541666666666,0.9296875,0.9296875,0.9296875,0.9296875,0.9296875,0.9296875,0.9296875,0.9296875,0.9296875,0.9296875,0.9296875,1,1,1,1,1,1,1,1,1,23.53333333
munder16,3,0.446808511,2.872340426,0.012363290537327628,0.08368996671421779,0.1336186400380409,0.17165953399904899,0.24060865430337613,0.29766999524488824,0.3143128863528293,0.3637660485021398,0.3637660485021398,0.3780313837375178,0.38849262957679503,0.38849262957679503,0.43176414645744177,0.43176414645744177,0.43889681407513076,0.4693295292439372,0.4693295292439372,0.4693295292439372,0.4964336661911555,0.4964336661911555,0.4964336661911555,0.4964336661911555,0.4964336661911555,0.5078459343794579,0.5078459343794579,0.5078459343794579,0.5078459343794579,0.5078459343794579,0.5216357584403234,0.5216357584403234,0.5216357584403234,0.5520684736091298,0.5520684736091298,0.5520684736091298,0.5853542558250119,30.14893617
munder16,4,0.5,4.076086957,0.008440878967561911,0.05057551447506104,0.09284966864318102,0.10652249738402511,0.18500174398325775,0.223090338332752,0.22602023020579,0.2773630973142658,0.2792465992326474,0.31691663760027905,0.33610045343564704,0.3419602371817231,0.36372514823857693,0.3686083013603069,0.3686083013603069,0.3976281827694454,0.3976281827694454,0.4026508545517963,0.41723055458667596,0.41862574119288454,0.4215556330659226,0.4322985699337286,0.4322985699337286,0.445692361353331,0.445692361353331,0.46020230205790025,0.465852807813045,0.465852807813045,0.46787582839204744,0.4699686083013603,0.4699686083013603,0.4766655040111615,0.4766655040111615,0.4766655040111615,0.4815486571328915,35.875
munder16,5,0.575396825,4.638888889,0.006649899825226992,0.03887633743978857,0.06995183085383008,0.08291061000042628,0.14173664691589583,0.17268425764099066,0.18163604586725776,0.21232789121445927,0.22345368515281983,0.27034400443326656,0.29894709919433904,0.3004816914616991,0.33262287395029627,0.3511232362845816,0.35751737073191525,0.4100345283260156,0.4151072083209003,0.428918538727141,0.44916663114369754,0.450019182403342,0.4732938317916365,0.4789206701052901,0.48382283984824587,0.5104224391491539,0.5114881282237095,0.5247879278741634,0.536297369879364,0.536297369879364,0.5597851570825696,0.5700157721983035,0.5713372266507524,0.5945266209130824,0.5973400400699092,0.6002387143527005,0.604714608465834,61.48412698
munder16,6,0.677042802,4.817120623,0.0078794107571086,0.043508050702295305,0.07742377526550188,0.09369647139431313,0.14979445015416237,0.18602261048304214,0.19711373758136347,0.2580935251798561,0.2681140801644399,0.322499143542309,0.34039910928400136,0.35016272696128814,0.37855429941760876,0.3893456663240836,0.39384206920178144,0.44317403220280915,0.4460859883521754,0.46689791024323396,0.4856115107913669,0.4898937992463172,0.500685166152792,0.5270640630352861,0.5270640630352861,0.5517300445357999,0.5528006166495375,0.5695015416238438,0.5833761562178829,0.5845751969852689,0.6032031517643028,0.6199040767386091,0.6212315861596437,0.6404162384378211,0.6404162384378211,0.6418722165125043,0.658359027064063,46.90272374
munder16,7,0.402985075,3.52238806,0.0038227628149435275,0.035447437011294526,0.06255430060816682,0.09383145091225022,0.13032145960034752,0.19287576020851432,0.19530842745438748,0.21476976542137272,0.21789748045178106,0.2370112945264987,0.24847958297132927,0.2568201563857515,0.2794092093831451,0.294005212858384,0.294005212858384,0.3106863596872285,0.3106863596872285,0.32945264986967854,0.3327541268462207,0.3327541268462207,0.3473501303214596,0.3779322328410078,0.3779322328410078,0.3946133796698523,0.3946133796698523,0.4081668114682884,0.4081668114682884,0.4081668114682884,0.41824500434404865,0.41824500434404865,0.42363162467419635,0.43475238922675935,0.43475238922675935,0.46429192006950476,0.46429192006950476,39.13432836
munder16,8,0.57480315,4.299212598,0.008593708556575248,0.049334252824783834,0.09914593390271073,0.11166516365179566,0.155959896026736,0.19065301575513235,0.2040210068431383,0.24391278977242586,0.2510742135695719,0.29298180467879686,0.32157445228369846,0.3336693013633229,0.368150230756989,0.38671688504588614,0.39069545382207843,0.4365285661238131,0.43743037504641663,0.460346931197284,0.4815129170866267,0.4910614821494881,0.5099994695241632,0.5228369847753435,0.5240570792000424,0.5444273513341468,0.5444273513341468,0.5637366717945997,0.5751949498700334,0.5751949498700334,0.5782717097236221,0.5957774123388679,0.5957774123388679,0.6059625484059201,0.6094636889289693,0.6166781603097979,0.6278181528831361,40.01181102
